CUST_ID,CLUSTER
C10001,3
C10002,7
C10003,6
C10004,6
C10005,1
C10006,2
C10007,5
C10008,2
C10009,6
C10010,6
C10011,2
C10012,6
C10013,5
C10014,5
C10015,1
C10016,0
C10017,8
C10018,4
C10019,2
C10020,2
C10021,2
C10022,0
C10023,4
C10024,0
C10025,7
C10026,2
C10027,1
C10028,2
C10029,0
C10030,3
C10031,0
C10032,2
C10033,7
C10034,6
C10035,2
C10036,1
C10037,7
C10038,0
C10039,7
C10040,7
C10041,1
C10043,0
C10044,1
C10045,1
C10046,5
C10047,2
C10048,8
C10049,7
C10050,5
C10051,6
C10052,0
C10053,5
C10054,1
C10055,6
C10056,2
C10057,6
C10058,1
C10059,5
C10060,8
C10061,7
C10062,3
C10063,1
C10064,8
C10065,3
C10067,0
C10068,6
C10069,8
C10070,1
C10071,2
C10072,6
C10073,0
C10074,0
C10075,8
C10077,2
C10078,6
C10079,2
C10080,6
C10081,2
C10082,1
C10083,7
C10084,4
C10085,1
C10086,3
C10087,4
C10088,5
C10089,6
C10090,0
C10092,0
C10093,1
C10094,7
C10095,0
C10096,0
C10097,1
C10098,6
C10099,6
C10100,1
C10101,6
C10102,7
C10103,3
C10104,8
C10105,3
C10106,4
C10107,5
C10108,2
C10109,1
C10110,7
C10111,4
C10112,7
C10113,2
C10114,0
C10115,5
C10116,1
C10117,0
C10118,7
C10119,5
C10120,5
C10121,4
C10122,1
C10123,3
C10124,1
C10125,0
C10126,6
C10127,5
C10128,7
C10130,7
C10131,5
C10132,8
C10133,5
C10134,7
C10135,1
C10136,6
C10137,5
C10138,3
C10139,7
C10140,2
C10141,6
C10142,5
C10143,0
C10144,5
C10145,6
C10146,6
C10147,1
C10148,7
C10149,5
C10150,5
C10151,6
C10152,2
C10153,1
C10154,2
C10155,2
C10156,0
C10157,5
C10158,4
C10159,0
C10160,5
C10161,4
C10162,0
C10163,1
C10164,5
C10165,1
C10166,1
C10167,7
C10168,2
C10169,6
C10170,4
C10171,7
C10172,2
C10173,5
C10174,2
C10175,5
C10176,8
C10177,0
C10178,3
C10179,8
C10180,0
C10181,1
C10182,0
C10183,7
C10184,5
C10185,3
C10186,5
C10187,3
C10188,7
C10189,3
C10190,6
C10191,4
C10192,7
C10193,2
C10194,6
C10196,6
C10197,3
C10198,3
C10199,3
C10200,2
C10201,6
C10202,5
C10203,4
C10204,5
C10205,6
C10206,7
C10207,3
C10208,1
C10209,4
C10211,0
C10212,5
C10213,3
C10214,7
C10215,0
C10216,0
C10217,3
C10218,0
C10219,6
C10220,7
C10221,6
C10222,3
C10223,3
C10224,2
C10226,3
C10227,0
C10228,5
C10229,5
C10230,6
C10231,3
C10232,5
C10233,6
C10234,3
C10235,5
C10236,5
C10237,8
C10238,5
C10239,2
C10240,2
C10241,6
C10242,1
C10243,5
C10244,6
C10245,7
C10246,7
C10247,3
C10248,2
C10249,7
C10250,5
C10251,5
C10252,6
C10253,5
C10254,3
C10255,5
C10256,2
C10257,0
C10258,5
C10259,0
C10260,2
C10261,4
C10262,6
C10263,7
C10265,3
C10266,3
C10267,0
C10269,2
C10270,1
C10271,6
C10272,5
C10273,5
C10274,0
C10275,2
C10276,5
C10277,5
C10278,6
C10279,6
C10280,0
C10281,5
C10282,7
C10283,5
C10284,5
C10285,0
C10286,3
C10287,1
C10288,3
C10289,4
C10290,0
C10291,5
C10292,2
C10293,2
C10294,5
C10295,1
C10296,7
C10297,1
C10298,0
C10299,6
C10300,7
C10301,5
C10302,0
C10303,6
C10304,7
C10305,4
C10306,5
C10307,7
C10308,7
C10309,6
C10310,6
C10311,7
C10312,5
C10313,7
C10314,6
C10315,7
C10316,5
C10317,5
C10318,4
C10319,8
C10320,2
C10321,6
C10322,0
C10323,5
C10324,1
C10325,7
C10326,8
C10327,8
C10328,6
C10329,4
C10330,2
C10331,7
C10332,0
C10333,7
C10334,6
C10335,7
C10336,4
C10337,5
C10338,0
C10339,1
C10340,5
C10341,1
C10342,6
C10343,5
C10344,5
C10345,8
C10346,7
C10347,3
C10348,5
C10349,3
C10350,2
C10351,1
C10352,0
C10353,1
C10354,3
C10355,5
C10356,3
C10357,6
C10358,5
C10359,0
C10360,4
C10361,7
C10362,5
C10364,0
C10365,3
C10366,3
C10367,5
C10368,5
C10369,7
C10370,3
C10371,1
C10372,6
C10373,1
C10374,3
C10375,0
C10376,1
C10377,2
C10378,6
C10379,2
C10380,7
C10381,7
C10382,5
C10383,0
C10384,1
C10385,5
C10386,2
C10387,3
C10388,5
C10389,4
C10390,3
C10391,1
C10392,7
C10393,1
C10395,7
C10396,3
C10397,5
C10398,8
C10399,1
C10400,7
C10402,4
C10403,2
C10404,3
C10405,6
C10406,5
C10407,0
C10408,2
C10409,7
C10410,2
C10411,8
C10412,7
C10413,0
C10414,5
C10415,2
C10416,0
C10417,5
C10419,7
C10420,5
C10421,3
C10422,1
C10423,7
C10424,4
C10425,8
C10426,5
C10427,3
C10428,7
C10429,2
C10430,5
C10431,6
C10432,5
C10433,4
C10434,0
C10435,4
C10436,1
C10437,7
C10438,5
C10439,0
C10441,0
C10442,1
C10443,8
C10444,7
C10445,7
C10446,7
C10447,0
C10448,6
C10449,7
C10450,1
C10451,7
C10452,2
C10453,5
C10454,1
C10455,0
C10456,3
C10457,7
C10458,1
C10459,2
C10460,6
C10461,0
C10462,5
C10463,6
C10466,1
C10467,4
C10468,6
C10469,6
C10470,0
C10471,7
C10472,0
C10473,4
C10474,4
C10475,6
C10476,1
C10477,5
C10478,6
C10480,5
C10481,2
C10482,2
C10483,1
C10484,7
C10485,5
C10486,4
C10487,0
C10488,6
C10489,7
C10490,7
C10491,5
C10492,1
C10493,2
C10494,2
C10495,0
C10497,5
C10498,8
C10501,3
C10502,4
C10503,5
C10504,7
C10505,1
C10506,5
C10507,5
C10508,7
C10509,5
C10510,7
C10511,5
C10512,0
C10513,7
C10514,5
C10515,6
C10516,0
C10517,7
C10518,1
C10519,1
C10520,4
C10521,6
C10522,2
C10523,5
C10524,6
C10525,5
C10526,4
C10527,4
C10528,2
C10529,5
C10530,1
C10532,0
C10533,4
C10534,5
C10535,7
C10536,0
C10537,5
C10538,6
C10539,1
C10540,1
C10542,4
C10543,2
C10544,0
C10545,5
C10546,1
C10547,2
C10548,5
C10549,1
C10550,7
C10551,7
C10552,4
C10553,2
C10554,4
C10555,5
C10556,2
C10557,0
C10558,5
C10559,6
C10560,5
C10561,0
C10562,6
C10563,0
C10564,2
C10565,3
C10566,7
C10567,3
C10568,6
C10569,5
C10570,5
C10571,2
C10572,6
C10573,6
C10574,5
C10575,0
C10576,7
C10577,0
C10578,8
C10579,2
C10580,7
C10581,0
C10582,7
C10583,1
C10584,5
C10585,1
C10586,2
C10587,5
C10588,1
C10589,5
C10590,6
C10591,2
C10592,3
C10593,7
C10594,6
C10595,7
C10596,7
C10597,3
C10598,5
C10599,3
C10600,7
C10601,0
C10602,6
C10603,3
C10604,7
C10605,5
C10606,7
C10607,7
C10608,5
C10609,0
C10610,3
C10611,5
C10612,3
C10613,0
C10615,5
C10616,5
C10617,6
C10618,8
C10619,6
C10620,3
C10621,1
C10622,5
C10623,5
C10624,1
C10625,0
C10626,8
C10627,7
C10628,2
C10629,6
C10630,6
C10631,7
C10632,4
C10633,0
C10634,5
C10635,0
C10636,7
C10637,5
C10638,0
C10639,7
C10640,7
C10641,5
C10642,2
C10643,3
C10644,5
C10645,5
C10646,3
C10647,0
C10648,4
C10649,5
C10650,6
C10651,4
C10652,6
C10653,0
C10654,5
C10655,4
C10656,1
C10657,3
C10658,0
C10659,0
C10660,6
C10661,1
C10662,7
C10663,1
C10665,5
C10666,5
C10667,7
C10668,5
C10669,5
C10670,0
C10671,5
C10672,7
C10673,5
C10674,7
C10675,1
C10676,8
C10677,0
C10678,5
C10679,4
C10680,3
C10681,5
C10682,5
C10683,3
C10684,0
C10685,3
C10686,5
C10688,5
C10689,6
C10690,1
C10691,5
C10692,4
C10693,2
C10694,3
C10695,5
C10696,0
C10697,7
C10698,8
C10699,5
C10700,2
C10701,7
C10702,5
C10703,7
C10704,5
C10705,2
C10706,7
C10707,3
C10708,7
C10709,0
C10710,6
C10711,0
C10712,1
C10713,4
C10714,8
C10715,6
C10716,6
C10717,5
C10718,6
C10719,8
C10720,5
C10721,2
C10722,2
C10723,7
C10724,2
C10725,5
C10726,2
C10727,7
C10728,8
C10729,1
C10730,6
C10731,5
C10732,6
C10733,1
C10734,7
C10735,0
C10736,0
C10737,7
C10738,6
C10739,5
C10740,4
C10741,6
C10742,0
C10743,7
C10744,1
C10745,0
C10746,3
C10747,0
C10748,7
C10749,1
C10750,7
C10751,1
C10752,5
C10753,0
C10754,7
C10755,5
C10756,5
C10757,6
C10758,8
C10759,1
C10760,5
C10761,0
C10762,7
C10763,3
C10764,6
C10765,6
C10766,7
C10767,8
C10768,4
C10769,1
C10770,8
C10771,8
C10772,2
C10773,6
C10774,6
C10775,0
C10776,5
C10777,0
C10779,2
C10780,7
C10781,8
C10782,7
C10783,7
C10784,0
C10785,7
C10786,5
C10787,5
C10788,7
C10789,4
C10790,0
C10791,7
C10792,3
C10793,1
C10794,3
C10795,1
C10796,7
C10797,0
C10798,6
C10799,5
C10800,1
C10801,6
C10803,1
C10804,6
C10805,0
C10806,5
C10807,1
C10808,0
C10809,7
C10810,3
C10811,0
C10812,5
C10813,4
C10814,4
C10815,7
C10816,8
C10817,1
C10818,7
C10819,2
C10820,4
C10821,1
C10822,1
C10823,3
C10824,2
C10825,1
C10826,4
C10827,2
C10828,4
C10829,7
C10830,5
C10831,7
C10832,7
C10833,5
C10834,1
C10835,5
C10836,5
C10837,3
C10838,0
C10839,0
C10840,6
C10841,7
C10843,1
C10844,3
C10845,6
C10846,2
C10847,1
C10848,2
C10849,1
C10850,1
C10852,2
C10853,3
C10854,6
C10855,6
C10856,1
C10857,0
C10858,2
C10859,5
C10860,8
C10861,7
C10862,1
C10863,1
C10864,2
C10865,0
C10866,0
C10867,2
C10868,4
C10869,4
C10870,1
C10871,5
C10872,8
C10873,0
C10874,0
C10875,0
C10876,7
C10877,6
C10878,4
C10879,7
C10880,6
C10881,3
C10882,0
C10883,1
C10884,7
C10885,0
C10886,1
C10887,0
C10888,5
C10889,1
C10890,2
C10891,2
C10892,5
C10893,6
C10894,0
C10895,2
C10896,1
C10897,0
C10898,7
C10899,1
C10900,1
C10901,0
C10902,5
C10903,1
C10904,1
C10905,2
C10906,1
C10907,4
C10908,1
C10909,7
C10910,8
C10911,8
C10912,4
C10913,7
C10914,7
C10915,6
C10916,0
C10917,5
C10918,5
C10919,2
C10920,5
C10921,5
C10922,5
C10923,1
C10924,7
C10925,5
C10926,5
C10927,2
C10928,3
C10929,7
C10930,2
C10931,1
C10932,6
C10933,0
C10934,7
C10935,1
C10936,6
C10937,2
C10939,6
C10940,6
C10941,7
C10942,7
C10943,4
C10944,5
C10945,2
C10946,3
C10947,1
C10949,5
C10950,5
C10951,3
C10952,5
C10953,3
C10954,6
C10955,7
C10956,2
C10957,7
C10958,4
C10959,5
C10960,6
C10961,7
C10962,1
C10963,1
C10965,2
C10966,0
C10967,1
C10968,2
C10969,3
C10970,5
C10971,8
C10972,5
C10973,7
C10974,3
C10975,5
C10976,7
C10977,0
C10978,5
C10979,1
C10980,6
C10981,3
C10982,3
C10983,2
C10984,6
C10985,5
C10986,5
C10987,6
C10988,0
C10989,3
C10990,3
C10991,6
C10992,6
C10993,1
C10994,0
C10995,0
C10996,7
C10997,2
C10998,4
C10999,2
C11000,0
C11001,6
C11002,2
C11003,7
C11004,5
C11005,6
C11006,1
C11007,0
C11008,1
C11009,4
C11010,2
C11011,0
C11012,3
C11013,2
C11014,3
C11015,5
C11016,5
C11017,1
C11018,7
C11019,0
C11020,2
C11021,1
C11022,5
C11023,7
C11024,5
C11025,5
C11026,3
C11027,6
C11028,0
C11029,6
C11030,4
C11031,1
C11032,2
C11033,2
C11034,2
C11035,2
C11036,3
C11038,7
C11039,1
C11040,6
C11041,4
C11042,0
C11043,5
C11044,8
C11045,5
C11046,6
C11047,0
C11048,1
C11049,6
C11050,6
C11051,1
C11052,8
C11053,6
C11054,5
C11055,8
C11056,6
C11057,2
C11058,5
C11059,1
C11060,6
C11061,1
C11062,1
C11063,3
C11064,7
C11065,7
C11066,5
C11067,1
C11068,0
C11069,3
C11070,7
C11071,1
C11072,7
C11073,5
C11074,1
C11075,3
C11076,7
C11077,7
C11078,4
C11079,8
C11080,6
C11081,6
C11082,6
C11083,1
C11084,1
C11085,0
C11086,3
C11087,4
C11088,0
C11089,4
C11090,4
C11091,4
C11092,6
C11093,5
C11094,0
C11095,1
C11096,5
C11097,6
C11098,0
C11099,1
C11100,1
C11101,3
C11102,1
C11103,7
C11104,1
C11105,2
C11106,4
C11107,8
C11108,3
C11109,3
C11110,1
C11111,7
C11112,3
C11113,6
C11114,0
C11115,3
C11116,6
C11117,1
C11118,3
C11119,5
C11120,3
C11121,7
C11122,5
C11123,8
C11124,0
C11125,4
C11126,0
C11128,3
C11129,0
C11130,1
C11131,0
C11132,7
C11133,3
C11134,5
C11135,3
C11136,7
C11137,4
C11138,4
C11139,5
C11140,8
C11141,6
C11142,3
C11143,4
C11145,7
C11146,2
C11148,7
C11149,2
C11150,2
C11151,7
C11152,0
C11153,6
C11154,4
C11155,3
C11156,5
C11157,7
C11158,7
C11159,2
C11161,6
C11162,6
C11163,1
C11164,5
C11165,6
C11166,3
C11167,4
C11169,1
C11170,1
C11171,3
C11172,1
C11173,1
C11174,7
C11175,0
C11176,1
C11177,5
C11178,5
C11179,2
C11180,8
C11181,1
C11182,5
C11184,8
C11185,3
C11186,7
C11187,1
C11188,7
C11189,2
C11190,0
C11192,5
C11193,5
C11195,5
C11196,4
C11197,6
C11198,6
C11199,6
C11200,3
C11201,2
C11202,4
C11203,4
C11204,6
C11205,7
C11206,7
C11207,3
C11208,4
C11209,3
C11210,6
C11211,2
C11212,4
C11213,1
C11214,7
C11215,7
C11216,6
C11217,3
C11219,8
C11220,5
C11221,4
C11222,1
C11223,1
C11224,7
C11225,8
C11226,7
C11227,5
C11228,4
C11229,2
C11230,1
C11231,5
C11232,1
C11233,1
C11234,5
C11235,8
C11236,6
C11237,0
C11238,1
C11239,0
C11240,4
C11241,5
C11242,6
C11243,5
C11244,6
C11245,4
C11246,5
C11247,3
C11248,3
C11249,2
C11250,2
C11251,6
C11252,7
C11253,3
C11254,3
C11255,7
C11256,5
C11257,5
C11258,2
C11259,3
C11260,0
C11261,7
C11262,5
C11263,3
C11264,6
C11265,6
C11266,7
C11267,3
C11268,4
C11269,0
C11270,5
C11271,0
C11272,3
C11273,7
C11274,2
C11275,1
C11276,0
C11277,3
C11278,4
C11279,3
C11280,7
C11281,3
C11282,6
C11283,1
C11284,5
C11285,5
C11286,0
C11287,3
C11288,7
C11289,1
C11290,4
C11291,5
C11292,5
C11293,0
C11294,4
C11295,8
C11296,1
C11297,3
C11298,1
C11299,0
C11300,5
C11301,5
C11302,4
C11303,7
C11304,3
C11305,1
C11306,7
C11307,5
C11308,0
C11309,4
C11310,6
C11311,1
C11312,5
C11313,5
C11314,4
C11315,5
C11316,3
C11317,2
C11318,6
C11319,5
C11320,4
C11321,5
C11322,1
C11323,6
C11324,2
C11325,2
C11326,7
C11327,2
C11328,3
C11329,2
C11330,5
C11331,6
C11332,5
C11334,7
C11335,5
C11336,6
C11337,5
C11338,0
C11339,6
C11340,3
C11341,2
C11342,5
C11343,1
C11344,6
C11345,0
C11346,3
C11347,5
C11348,1
C11349,6
C11350,0
C11351,2
C11352,8
C11353,5
C11354,3
C11355,1
C11356,0
C11357,6
C11358,1
C11359,5
C11360,7
C11361,2
C11362,6
C11363,0
C11364,0
C11365,1
C11366,6
C11367,6
C11368,0
C11369,4
C11370,6
C11371,5
C11372,7
C11373,1
C11374,5
C11375,7
C11376,5
C11377,7
C11378,7
C11379,4
C11380,0
C11381,7
C11382,3
C11383,5
C11384,4
C11385,4
C11386,7
C11387,5
C11388,5
C11389,6
C11390,7
C11391,2
C11392,6
C11394,7
C11395,0
C11396,0
C11397,6
C11398,4
C11399,3
C11400,3
C11401,8
C11402,6
C11403,0
C11404,5
C11405,7
C11406,5
C11407,5
C11408,2
C11409,4
C11410,1
C11411,7
C11412,2
C11413,0
C11414,5
C11415,5
C11416,6
C11417,6
C11418,8
C11419,6
C11420,5
C11421,6
C11422,6
C11423,3
C11424,7
C11425,2
C11426,2
C11427,5
C11428,0
C11429,1
C11430,6
C11431,8
C11432,3
C11433,7
C11434,3
C11435,7
C11436,4
C11437,1
C11438,6
C11439,1
C11440,6
C11441,5
C11442,5
C11443,1
C11444,6
C11445,5
C11446,7
C11447,2
C11448,1
C11449,6
C11450,4
C11451,6
C11452,5
C11453,1
C11454,4
C11455,2
C11456,7
C11457,0
C11458,5
C11459,2
C11460,6
C11461,5
C11463,0
C11464,3
C11466,6
C11467,3
C11468,6
C11469,3
C11470,5
C11471,5
C11472,0
C11473,3
C11474,1
C11475,5
C11476,1
C11477,7
C11478,2
C11479,6
C11480,5
C11481,5
C11482,0
C11483,7
C11484,5
C11485,6
C11486,2
C11487,5
C11488,0
C11489,3
C11490,7
C11491,6
C11492,5
C11493,2
C11494,2
C11495,5
C11496,6
C11497,7
C11498,7
C11499,7
C11500,2
C11501,7
C11502,5
C11503,4
C11504,6
C11505,4
C11506,3
C11507,5
C11508,5
C11509,1
C11510,7
C11511,5
C11512,7
C11513,5
C11514,5
C11515,8
C11516,6
C11517,7
C11518,6
C11519,6
C11520,4
C11522,4
C11523,5
C11524,8
C11526,6
C11527,5
C11528,0
C11529,5
C11530,3
C11531,7
C11532,5
C11533,6
C11534,5
C11536,7
C11537,0
C11538,0
C11539,6
C11540,7
C11541,5
C11542,7
C11543,1
C11544,7
C11545,5
C11546,1
C11547,2
C11548,5
C11549,5
C11550,5
C11551,3
C11552,4
C11553,5
C11554,5
C11555,7
C11556,7
C11557,8
C11558,4
C11559,1
C11560,3
C11561,0
C11562,6
C11563,1
C11564,0
C11565,4
C11566,6
C11567,0
C11568,7
C11569,7
C11570,5
C11571,2
C11572,6
C11573,5
C11574,5
C11575,5
C11576,8
C11577,2
C11578,0
C11579,1
C11580,1
C11581,3
C11582,1
C11583,0
C11585,5
C11586,4
C11587,1
C11588,7
C11589,0
C11590,3
C11591,2
C11592,7
C11593,2
C11594,1
C11595,3
C11596,3
C11597,0
C11598,1
C11599,7
C11600,1
C11601,5
C11602,2
C11603,0
C11604,2
C11605,4
C11606,4
C11607,2
C11608,2
C11609,4
C11610,7
C11611,5
C11612,0
C11613,2
C11614,7
C11615,7
C11616,3
C11617,3
C11618,5
C11619,5
C11621,5
C11622,0
C11623,6
C11624,1
C11625,5
C11626,2
C11627,6
C11628,0
C11629,1
C11630,0
C11631,0
C11632,2
C11633,3
C11634,3
C11635,5
C11636,6
C11637,2
C11638,5
C11639,6
C11640,3
C11641,5
C11642,2
C11643,4
C11644,4
C11645,2
C11646,4
C11647,6
C11648,5
C11649,2
C11650,2
C11651,4
C11652,1
C11653,8
C11654,6
C11655,8
C11656,5
C11657,5
C11658,0
C11659,4
C11660,2
C11661,7
C11662,6
C11663,5
C11664,3
C11666,7
C11667,6
C11668,2
C11669,5
C11670,5
C11671,5
C11672,5
C11673,6
C11674,4
C11675,3
C11676,0
C11677,5
C11678,0
C11679,6
C11680,8
C11681,1
C11682,2
C11683,7
C11684,6
C11685,0
C11686,3
C11687,8
C11688,4
C11689,2
C11690,7
C11691,6
C11692,5
C11693,5
C11694,1
C11695,5
C11696,4
C11697,1
C11698,5
C11699,2
C11700,7
C11701,5
C11702,7
C11703,5
C11704,5
C11705,3
C11706,0
C11707,5
C11708,6
C11709,2
C11710,0
C11711,0
C11712,4
C11713,1
C11714,7
C11715,0
C11716,1
C11717,6
C11718,4
C11719,1
C11720,4
C11721,5
C11722,6
C11723,6
C11724,5
C11725,6
C11726,4
C11728,2
C11729,5
C11730,0
C11731,7
C11732,4
C11733,5
C11734,1
C11735,7
C11736,5
C11737,7
C11738,1
C11739,0
C11740,4
C11741,7
C11742,4
C11743,7
C11744,7
C11745,0
C11746,4
C11747,6
C11749,6
C11750,3
C11751,1
C11752,2
C11753,5
C11754,0
C11755,6
C11756,7
C11757,7
C11758,5
C11759,2
C11760,5
C11761,1
C11762,7
C11763,5
C11764,6
C11765,5
C11766,0
C11767,4
C11768,7
C11769,3
C11770,0
C11771,4
C11773,6
C11774,6
C11775,8
C11776,5
C11777,6
C11778,6
C11779,2
C11780,4
C11781,1
C11782,8
C11784,3
C11785,5
C11786,5
C11787,6
C11788,1
C11789,3
C11790,2
C11791,8
C11792,5
C11794,1
C11795,6
C11796,1
C11797,5
C11798,5
C11799,7
C11800,0
C11801,5
C11802,3
C11803,5
C11804,4
C11805,2
C11806,5
C11807,3
C11808,2
C11809,1
C11810,2
C11811,6
C11813,5
C11814,5
C11815,0
C11816,0
C11817,6
C11818,2
C11819,0
C11820,7
C11821,3
C11822,0
C11823,5
C11824,5
C11825,5
C11826,1
C11827,5
C11828,2
C11829,0
C11830,2
C11831,5
C11832,5
C11833,4
C11834,8
C11835,5
C11836,1
C11837,7
C11838,7
C11839,3
C11840,6
C11841,0
C11842,5
C11843,1
C11844,5
C11845,6
C11846,1
C11847,7
C11848,6
C11849,1
C11850,2
C11851,5
C11852,2
C11853,3
C11854,2
C11855,7
C11856,5
C11857,5
C11858,1
C11859,7
C11860,1
C11861,7
C11862,1
C11863,2
C11864,1
C11865,6
C11866,5
C11867,3
C11868,8
C11869,1
C11870,7
C11871,7
C11872,3
C11873,6
C11874,5
C11875,5
C11876,1
C11877,0
C11878,7
C11879,3
C11880,2
C11881,4
C11882,2
C11883,6
C11884,5
C11885,1
C11886,5
C11887,5
C11888,4
C11889,0
C11890,3
C11892,7
C11893,7
C11894,4
C11895,5
C11896,0
C11897,5
C11898,2
C11899,4
C11900,2
C11901,6
C11902,0
C11903,5
C11904,2
C11905,5
C11906,0
C11907,8
C11908,6
C11909,6
C11910,6
C11911,6
C11912,0
C11913,6
C11914,8
C11915,7
C11916,2
C11917,7
C11918,5
C11919,7
C11920,3
C11921,2
C11922,4
C11924,2
C11925,3
C11926,0
C11927,2
C11928,8
C11929,0
C11930,3
C11931,1
C11932,6
C11933,5
C11934,1
C11935,4
C11936,1
C11937,2
C11938,2
C11939,8
C11940,4
C11941,3
C11942,5
C11943,0
C11944,3
C11945,7
C11946,6
C11947,6
C11948,3
C11949,6
C11950,6
C11951,3
C11952,8
C11953,4
C11954,6
C11955,5
C11956,1
C11957,1
C11958,8
C11959,6
C11960,4
C11961,3
C11962,3
C11963,7
C11964,5
C11965,0
C11966,7
C11967,7
C11968,5
C11969,7
C11970,5
C11971,0
C11972,2
C11973,6
C11974,5
C11975,0
C11976,4
C11977,0
C11978,1
C11979,0
C11980,2
C11981,7
C11982,7
C11983,0
C11984,8
C11985,0
C11986,7
C11987,7
C11988,4
C11989,4
C11990,1
C11991,2
C11992,0
C11993,2
C11994,1
C11995,8
C11996,7
C11997,8
C11998,0
C11999,8
C12000,3
C12001,3
C12002,8
C12004,1
C12005,8
C12006,0
C12007,0
C12008,6
C12009,5
C12010,4
C12011,5
C12012,0
C12013,7
C12014,7
C12015,2
C12016,5
C12017,0
C12018,1
C12019,4
C12020,0
C12021,2
C12022,5
C12023,2
C12024,5
C12025,7
C12026,8
C12027,6
C12028,1
C12029,1
C12030,4
C12031,2
C12032,7
C12033,4
C12034,8
C12035,2
C12036,5
C12037,7
C12038,6
C12039,6
C12040,4
C12041,3
C12042,5
C12043,1
C12044,6
C12045,3
C12046,0
C12047,7
C12048,4
C12049,5
C12050,1
C12051,7
C12052,2
C12053,6
C12054,5
C12055,1
C12056,6
C12057,1
C12058,3
C12059,4
C12060,0
C12061,1
C12062,4
C12063,7
C12064,7
C12065,1
C12066,7
C12067,5
C12068,6
C12069,1
C12070,2
C12071,8
C12072,6
C12073,1
C12074,6
C12075,5
C12076,2
C12077,7
C12078,5
C12079,0
C12080,6
C12081,0
C12082,7
C12083,0
C12084,2
C12085,6
C12086,0
C12087,5
C12088,5
C12089,3
C12090,3
C12091,0
C12092,6
C12093,6
C12094,2
C12095,2
C12096,4
C12097,0
C12098,1
C12099,7
C12100,2
C12101,7
C12102,8
C12103,0
C12104,2
C12105,2
C12107,1
C12108,7
C12109,7
C12110,0
C12111,6
C12112,8
C12113,1
C12114,7
C12115,5
C12116,3
C12117,6
C12118,5
C12119,5
C12120,1
C12121,6
C12122,7
C12124,5
C12125,8
C12127,1
C12128,8
C12129,1
C12130,6
C12131,7
C12132,1
C12133,4
C12134,6
C12135,2
C12136,7
C12137,5
C12138,7
C12139,3
C12140,0
C12141,8
C12142,4
C12143,5
C12144,6
C12145,0
C12146,0
C12147,5
C12148,5
C12149,1
C12150,5
C12151,1
C12152,0
C12153,0
C12154,5
C12155,1
C12156,7
C12157,8
C12158,0
C12159,2
C12160,5
C12161,0
C12162,8
C12163,8
C12164,8
C12165,4
C12166,7
C12167,7
C12168,4
C12169,6
C12170,3
C12171,1
C12172,7
C12173,5
C12174,1
C12175,5
C12176,4
C12177,1
C12178,5
C12179,6
C12180,6
C12181,5
C12182,5
C12183,8
C12184,1
C12185,1
C12186,7
C12187,1
C12188,2
C12189,1
C12190,5
C12191,5
C12192,4
C12194,6
C12195,4
C12196,5
C12197,1
C12198,7
C12199,5
C12200,3
C12201,2
C12202,2
C12203,4
C12204,3
C12205,5
C12206,1
C12207,5
C12208,6
C12209,3
C12210,6
C12211,4
C12212,7
C12213,6
C12214,6
C12215,7
C12216,1
C12217,6
C12218,4
C12219,0
C12220,0
C12221,6
C12222,7
C12223,1
C12224,5
C12225,5
C12226,0
C12227,3
C12228,2
C12229,4
C12230,1
C12231,5
C12232,2
C12233,1
C12234,1
C12235,4
C12236,6
C12237,3
C12238,8
C12239,2
C12240,1
C12241,8
C12242,4
C12243,4
C12244,5
C12246,2
C12247,7
C12248,1
C12249,7
C12250,5
C12251,2
C12252,1
C12253,5
C12254,3
C12255,6
C12256,5
C12257,7
C12258,7
C12260,8
C12261,1
C12262,1
C12263,7
C12264,3
C12265,7
C12266,2
C12267,7
C12268,3
C12269,7
C12270,3
C12271,1
C12272,5
C12273,0
C12274,5
C12275,0
C12276,4
C12277,6
C12278,4
C12279,7
C12280,1
C12281,0
C12282,3
C12283,6
C12284,7
C12285,6
C12286,5
C12287,5
C12288,6
C12289,5
C12291,3
C12292,4
C12293,3
C12294,1
C12295,5
C12296,0
C12297,1
C12298,3
C12299,1
C12300,4
C12301,3
C12302,0
C12303,4
C12304,1
C12305,0
C12306,6
C12307,8
C12308,5
C12309,0
C12310,7
C12311,5
C12312,6
C12313,3
C12314,0
C12315,4
C12316,8
C12317,1
C12318,1
C12319,0
C12320,6
C12321,5
C12322,6
C12323,6
C12324,0
C12325,2
C12326,6
C12327,5
C12329,0
C12330,5
C12331,6
C12332,5
C12333,4
C12334,7
C12335,1
C12336,5
C12337,8
C12338,0
C12339,6
C12340,8
C12341,3
C12342,7
C12343,5
C12344,1
C12345,2
C12346,3
C12347,0
C12348,0
C12349,7
C12350,6
C12351,2
C12352,3
C12353,6
C12354,6
C12355,6
C12356,2
C12357,5
C12358,2
C12359,0
C12360,3
C12361,2
C12362,5
C12363,1
C12364,2
C12365,6
C12366,3
C12367,0
C12368,3
C12369,0
C12370,8
C12371,1
C12372,5
C12373,7
C12374,2
C12375,8
C12376,7
C12377,7
C12378,3
C12381,4
C12382,5
C12383,5
C12384,5
C12385,0
C12386,1
C12387,5
C12388,3
C12389,4
C12390,4
C12391,2
C12392,1
C12393,1
C12394,3
C12395,7
C12396,3
C12397,7
C12398,4
C12399,3
C12400,2
C12401,3
C12402,7
C12403,0
C12404,5
C12405,5
C12406,3
C12407,4
C12408,1
C12409,5
C12410,0
C12411,7
C12412,0
C12413,7
C12414,2
C12415,7
C12416,7
C12417,8
C12418,5
C12419,2
C12420,2
C12421,7
C12422,7
C12423,6
C12424,0
C12425,7
C12426,1
C12427,6
C12428,4
C12429,6
C12430,4
C12431,1
C12432,5
C12433,6
C12434,0
C12435,5
C12436,5
C12437,0
C12438,1
C12439,7
C12440,4
C12441,4
C12442,5
C12443,1
C12444,3
C12445,4
C12446,5
C12447,0
C12448,1
C12449,5
C12450,8
C12451,1
C12452,4
C12453,4
C12454,4
C12455,0
C12456,0
C12457,5
C12458,7
C12459,4
C12460,7
C12461,2
C12462,7
C12463,3
C12464,0
C12465,0
C12466,1
C12467,1
C12468,5
C12469,1
C12470,7
C12471,5
C12472,7
C12473,5
C12474,6
C12475,2
C12476,0
C12477,2
C12478,4
C12479,5
C12480,6
C12481,0
C12482,2
C12483,2
C12484,4
C12485,1
C12486,7
C12487,3
C12488,4
C12489,0
C12490,4
C12491,4
C12492,2
C12493,5
C12494,5
C12495,0
C12497,1
C12498,1
C12499,6
C12500,8
C12501,0
C12502,3
C12503,1
C12504,1
C12505,5
C12506,7
C12507,6
C12508,2
C12509,4
C12510,2
C12511,7
C12512,4
C12513,7
C12514,5
C12515,0
C12516,0
C12517,5
C12518,5
C12519,6
C12520,0
C12521,7
C12522,7
C12523,7
C12524,8
C12525,1
C12526,4
C12527,5
C12528,7
C12529,8
C12530,6
C12531,5
C12532,3
C12533,4
C12534,2
C12535,6
C12536,8
C12537,7
C12538,2
C12539,7
C12540,1
C12541,0
C12542,5
C12543,0
C12544,0
C12545,2
C12546,2
C12547,0
C12548,0
C12549,0
C12550,6
C12551,5
C12552,2
C12553,4
C12554,5
C12555,6
C12556,6
C12557,6
C12558,4
C12559,2
C12560,1
C12561,7
C12562,7
C12563,8
C12564,7
C12565,8
C12566,6
C12567,3
C12568,7
C12569,0
C12570,1
C12571,6
C12572,5
C12573,0
C12574,6
C12575,4
C12576,6
C12577,5
C12578,1
C12579,1
C12580,5
C12581,1
C12582,4
C12583,2
C12584,3
C12585,1
C12586,1
C12587,1
C12588,1
C12589,0
C12590,0
C12591,1
C12592,5
C12593,7
C12594,3
C12595,4
C12596,5
C12597,5
C12598,6
C12599,6
C12600,1
C12601,5
C12602,6
C12603,8
C12604,4
C12605,8
C12606,1
C12607,1
C12608,5
C12609,3
C12610,4
C12611,0
C12612,1
C12613,6
C12614,1
C12615,8
C12616,1
C12617,3
C12618,6
C12619,6
C12620,7
C12621,1
C12622,7
C12623,4
C12624,5
C12625,5
C12626,1
C12627,2
C12628,7
C12629,7
C12630,1
C12631,8
C12632,4
C12633,6
C12634,5
C12635,0
C12636,1
C12637,1
C12638,1
C12639,1
C12640,2
C12641,5
C12642,5
C12643,3
C12644,1
C12645,0
C12646,1
C12647,0
C12648,0
C12650,1
C12651,7
C12652,2
C12653,0
C12654,7
C12655,6
C12656,0
C12657,4
C12658,4
C12659,2
C12660,1
C12661,4
C12663,1
C12664,4
C12665,6
C12666,2
C12667,0
C12668,2
C12669,0
C12670,0
C12671,1
C12672,7
C12673,1
C12674,7
C12675,7
C12676,5
C12677,4
C12678,1
C12679,1
C12680,2
C12681,7
C12682,7
C12683,7
C12684,7
C12685,2
C12686,6
C12687,6
C12688,7
C12689,0
C12690,0
C12691,7
C12692,4
C12693,6
C12694,4
C12695,1
C12696,4
C12697,3
C12698,4
C12699,2
C12700,2
C12701,8
C12702,1
C12703,4
C12704,1
C12705,5
C12706,6
C12707,7
C12708,0
C12709,7
C12710,6
C12712,5
C12713,6
C12714,1
C12715,2
C12716,8
C12717,5
C12718,5
C12719,7
C12720,0
C12721,1
C12722,0
C12723,2
C12724,2
C12725,1
C12726,0
C12727,1
C12728,1
C12729,7
C12730,4
C12731,6
C12732,4
C12733,6
C12734,7
C12735,6
C12736,3
C12737,7
C12738,1
C12739,5
C12740,1
C12741,5
C12742,4
C12743,2
C12744,1
C12745,6
C12746,7
C12747,2
C12748,5
C12749,6
C12750,7
C12751,1
C12752,3
C12753,7
C12754,0
C12755,6
C12756,4
C12757,7
C12758,7
C12759,8
C12760,2
C12761,7
C12762,0
C12763,2
C12764,5
C12765,5
C12766,4
C12767,7
C12768,1
C12769,0
C12770,7
C12771,1
C12772,1
C12773,0
C12774,0
C12775,5
C12776,7
C12777,2
C12778,6
C12779,2
C12780,3
C12781,3
C12782,1
C12783,7
C12784,4
C12786,7
C12787,5
C12788,1
C12789,3
C12790,6
C12791,8
C12792,3
C12793,0
C12794,8
C12795,5
C12796,5
C12797,2
C12798,1
C12799,5
C12800,1
C12801,5
C12802,5
C12803,3
C12804,8
C12805,1
C12806,5
C12807,0
C12808,7
C12809,4
C12810,5
C12811,6
C12812,2
C12813,3
C12814,1
C12815,0
C12816,3
C12818,1
C12819,6
C12820,7
C12821,7
C12822,6
C12823,0
C12824,5
C12825,7
C12826,6
C12827,4
C12828,4
C12829,5
C12830,5
C12831,5
C12832,1
C12833,3
C12834,7
C12835,7
C12836,5
C12837,6
C12838,5
C12839,5
C12840,0
C12841,1
C12842,0
C12843,3
C12844,5
C12845,7
C12846,4
C12847,4
C12848,1
C12849,8
C12850,1
C12851,2
C12852,6
C12853,6
C12854,2
C12855,6
C12857,6
C12858,0
C12859,7
C12860,7
C12861,4
C12862,0
C12863,5
C12864,2
C12865,1
C12866,6
C12867,3
C12868,2
C12869,3
C12871,3
C12872,6
C12873,7
C12874,5
C12875,8
C12876,2
C12877,0
C12878,8
C12879,1
C12880,6
C12881,0
C12883,5
C12884,3
C12885,5
C12886,2
C12887,6
C12888,5
C12889,1
C12890,0
C12891,2
C12892,0
C12893,0
C12894,1
C12895,2
C12896,6
C12897,8
C12898,5
C12899,3
C12900,8
C12901,6
C12902,7
C12903,4
C12904,5
C12905,5
C12906,7
C12907,8
C12908,6
C12909,5
C12910,7
C12911,8
C12912,7
C12913,7
C12914,0
C12915,6
C12916,5
C12917,3
C12918,1
C12919,5
C12920,1
C12921,7
C12922,7
C12923,3
C12924,4
C12925,5
C12926,1
C12927,8
C12928,7
C12929,5
C12930,4
C12931,2
C12932,3
C12933,1
C12934,0
C12935,4
C12936,2
C12937,3
C12938,4
C12939,1
C12941,6
C12943,0
C12944,7
C12945,1
C12946,7
C12947,4
C12948,6
C12949,7
C12950,6
C12951,7
C12952,5
C12953,7
C12954,0
C12955,5
C12956,2
C12957,6
C12958,1
C12959,2
C12960,6
C12961,6
C12962,6
C12963,2
C12964,3
C12965,6
C12966,3
C12967,1
C12968,7
C12969,2
C12970,8
C12971,7
C12972,7
C12973,8
C12974,1
C12975,2
C12976,2
C12977,2
C12978,7
C12979,3
C12980,8
C12981,0
C12982,1
C12983,4
C12984,2
C12985,4
C12986,3
C12987,5
C12988,0
C12989,5
C12990,4
C12991,6
C12992,8
C12993,1
C12994,6
C12995,1
C12996,3
C12997,5
C12998,4
C12999,7
C13000,2
C13001,4
C13002,0
C13004,4
C13005,2
C13006,2
C13007,7
C13008,7
C13009,3
C13011,3
C13012,7
C13013,5
C13014,7
C13015,1
C13016,4
C13017,5
C13018,4
C13019,1
C13020,4
C13021,1
C13022,1
C13023,7
C13024,7
C13025,1
C13026,4
C13027,7
C13028,1
C13029,1
C13031,3
C13032,1
C13033,1
C13034,7
C13035,2
C13036,8
C13037,6
C13038,5
C13039,3
C13040,1
C13041,7
C13042,1
C13043,7
C13044,2
C13045,4
C13046,4
C13047,7
C13048,0
C13049,7
C13050,8
C13051,7
C13052,7
C13053,7
C13054,3
C13056,1
C13057,3
C13058,5
C13059,6
C13060,5
C13061,7
C13062,8
C13063,6
C13064,0
C13065,2
C13066,4
C13067,7
C13068,1
C13069,4
C13070,6
C13071,8
C13072,3
C13073,5
C13074,2
C13076,6
C13077,5
C13078,7
C13079,4
C13080,8
C13081,7
C13082,4
C13083,1
C13084,7
C13085,2
C13086,5
C13087,2
C13088,3
C13089,0
C13090,7
C13091,3
C13092,6
C13093,2
C13094,6
C13095,5
C13096,5
C13097,0
C13098,6
C13099,5
C13100,6
C13101,1
C13102,5
C13103,0
C13104,2
C13105,2
C13106,6
C13107,4
C13108,6
C13109,5
C13110,3
C13111,6
C13112,0
C13113,0
C13114,4
C13115,6
C13116,7
C13117,4
C13118,3
C13119,5
C13120,3
C13121,7
C13122,1
C13123,1
C13124,7
C13125,0
C13126,1
C13127,8
C13128,7
C13129,8
C13130,2
C13131,0
C13132,1
C13133,3
C13134,0
C13135,7
C13136,6
C13137,1
C13138,8
C13139,6
C13140,0
C13141,4
C13142,2
C13143,2
C13144,5
C13145,4
C13146,6
C13147,6
C13148,5
C13149,1
C13150,6
C13151,0
C13152,7
C13153,4
C13154,1
C13155,3
C13156,1
C13157,1
C13158,5
C13159,3
C13160,1
C13161,4
C13162,6
C13163,0
C13164,1
C13165,1
C13166,1
C13167,8
C13168,3
C13169,0
C13170,5
C13171,0
C13172,0
C13173,8
C13174,4
C13175,1
C13176,6
C13178,6
C13179,7
C13180,6
C13181,6
C13182,3
C13183,0
C13184,1
C13185,8
C13186,0
C13187,6
C13188,6
C13189,7
C13190,0
C13191,4
C13192,1
C13193,7
C13194,1
C13195,5
C13196,7
C13197,7
C13198,2
C13199,0
C13200,3
C13201,4
C13202,2
C13203,8
C13204,7
C13205,7
C13206,5
C13207,2
C13208,0
C13209,3
C13210,7
C13211,0
C13212,2
C13213,0
C13214,4
C13215,7
C13216,4
C13217,7
C13218,6
C13219,7
C13220,2
C13221,6
C13222,5
C13223,3
C13224,2
C13225,7
C13226,1
C13227,4
C13228,4
C13229,0
C13230,5
C13231,7
C13232,2
C13233,2
C13234,6
C13235,2
C13236,5
C13237,2
C13238,1
C13239,2
C13240,6
C13241,5
C13242,7
C13243,7
C13244,6
C13245,7
C13246,5
C13247,0
C13248,0
C13249,0
C13250,5
C13251,6
C13252,1
C13253,1
C13254,2
C13255,7
C13257,6
C13258,1
C13259,3
C13260,1
C13261,4
C13262,0
C13263,2
C13264,3
C13265,8
C13266,3
C13267,2
C13268,6
C13269,7
C13270,6
C13271,0
C13272,0
C13273,1
C13275,7
C13276,8
C13277,5
C13278,1
C13279,3
C13280,6
C13282,6
C13283,0
C13284,5
C13285,7
C13286,7
C13287,6
C13288,5
C13289,4
C13290,7
C13291,1
C13292,2
C13293,0
C13294,1
C13295,7
C13296,5
C13297,0
C13298,4
C13299,3
C13300,0
C13301,3
C13302,3
C13303,7
C13304,1
C13305,0
C13306,1
C13307,1
C13308,8
C13309,1
C13310,1
C13312,1
C13313,7
C13314,7
C13315,7
C13316,1
C13317,3
C13318,6
C13319,8
C13320,6
C13321,0
C13322,6
C13323,6
C13324,4
C13325,2
C13326,0
C13327,2
C13328,5
C13329,3
C13330,6
C13331,3
C13332,5
C13333,2
C13334,6
C13335,5
C13336,1
C13337,7
C13338,2
C13339,1
C13340,5
C13341,3
C13342,0
C13343,4
C13344,1
C13345,5
C13346,1
C13347,8
C13348,4
C13349,4
C13350,2
C13351,7
C13352,4
C13353,7
C13354,6
C13355,7
C13356,7
C13357,4
C13358,7
C13359,7
C13360,3
C13361,5
C13362,1
C13363,0
C13364,0
C13365,7
C13366,3
C13367,0
C13368,7
C13369,0
C13370,4
C13371,0
C13372,5
C13373,1
C13374,7
C13375,6
C13376,0
C13377,7
C13378,4
C13379,1
C13380,2
C13381,5
C13382,5
C13383,1
C13384,1
C13385,7
C13386,5
C13387,1
C13388,6
C13389,6
C13390,1
C13391,8
C13392,7
C13393,6
C13394,7
C13395,2
C13396,0
C13397,3
C13398,4
C13399,1
C13400,3
C13401,8
C13402,0
C13403,4
C13404,2
C13405,8
C13406,4
C13407,8
C13408,0
C13409,5
C13410,2
C13411,6
C13412,6
C13413,8
C13414,5
C13416,7
C13417,6
C13418,3
C13419,5
C13420,5
C13421,2
C13422,6
C13423,1
C13424,1
C13425,5
C13426,7
C13427,4
C13428,1
C13429,8
C13430,0
C13431,5
C13432,8
C13433,6
C13434,7
C13435,7
C13436,1
C13437,6
C13439,1
C13440,3
C13441,1
C13442,0
C13443,5
C13444,0
C13445,3
C13446,5
C13447,7
C13448,0
C13449,2
C13450,0
C13451,1
C13452,0
C13453,6
C13454,5
C13455,7
C13456,7
C13457,0
C13458,4
C13459,6
C13460,0
C13461,1
C13462,0
C13463,1
C13464,6
C13465,5
C13466,2
C13467,2
C13468,6
C13469,7
C13470,4
C13471,1
C13472,3
C13473,2
C13474,4
C13475,0
C13476,1
C13478,6
C13479,5
C13480,3
C13481,4
C13482,1
C13483,7
C13484,5
C13485,5
C13486,3
C13487,8
C13488,5
C13489,5
C13490,0
C13491,4
C13492,1
C13493,5
C13494,7
C13495,0
C13496,2
C13497,7
C13498,1
C13499,5
C13500,2
C13501,5
C13502,3
C13503,6
C13504,2
C13505,6
C13506,7
C13507,6
C13508,5
C13509,8
C13510,0
C13511,7
C13512,6
C13513,1
C13514,6
C13515,6
C13516,4
C13517,7
C13518,4
C13519,7
C13520,5
C13521,1
C13522,6
C13523,1
C13524,5
C13525,4
C13526,4
C13527,3
C13528,1
C13529,1
C13530,4
C13531,6
C13532,5
C13533,2
C13534,2
C13535,4
C13536,4
C13537,0
C13538,6
C13539,6
C13540,6
C13541,6
C13542,7
C13543,5
C13544,4
C13545,7
C13546,2
C13547,1
C13548,6
C13549,5
C13550,1
C13551,5
C13552,6
C13553,4
C13554,1
C13555,7
C13556,4
C13557,5
C13558,7
C13559,2
C13560,4
C13561,6
C13562,4
C13563,4
C13564,2
C13565,8
C13566,1
C13567,8
C13568,4
C13569,1
C13570,1
C13571,7
C13572,5
C13573,5
C13574,1
C13575,1
C13576,5
C13577,3
C13578,8
C13579,1
C13580,8
C13581,0
C13582,5
C13583,3
C13584,6
C13585,4
C13586,2
C13587,7
C13588,5
C13589,5
C13591,2
C13592,8
C13593,5
C13594,7
C13596,7
C13597,5
C13598,0
C13599,7
C13600,7
C13601,1
C13602,5
C13603,6
C13604,6
C13605,6
C13606,8
C13607,1
C13608,5
C13610,5
C13611,2
C13612,6
C13613,5
C13614,0
C13615,8
C13616,0
C13617,1
C13618,4
C13619,7
C13620,5
C13621,6
C13622,5
C13623,1
C13624,3
C13625,6
C13626,0
C13627,5
C13628,7
C13629,7
C13630,0
C13631,5
C13632,7
C13633,1
C13634,8
C13635,7
C13636,0
C13637,5
C13638,4
C13639,7
C13640,4
C13641,6
C13642,6
C13643,2
C13644,5
C13645,7
C13646,1
C13647,7
C13648,7
C13649,1
C13650,6
C13651,6
C13652,7
C13653,5
C13654,0
C13655,7
C13656,7
C13657,6
C13658,1
C13659,1
C13660,7
C13661,0
C13662,0
C13663,8
C13664,2
C13665,1
C13666,6
C13668,8
C13669,2
C13670,0
C13671,0
C13672,7
C13673,7
C13674,6
C13675,7
C13676,1
C13677,5
C13678,2
C13679,0
C13680,3
C13681,3
C13682,6
C13683,6
C13684,6
C13685,0
C13686,5
C13687,8
C13688,4
C13689,8
C13690,2
C13691,3
C13692,8
C13693,7
C13694,0
C13695,8
C13696,4
C13697,1
C13698,5
C13699,8
C13701,8
C13702,3
C13703,6
C13704,3
C13705,4
C13706,0
C13707,1
C13708,8
C13709,0
C13710,5
C13711,5
C13712,8
C13713,4
C13714,6
C13715,5
C13717,0
C13718,1
C13719,6
C13720,1
C13721,6
C13722,6
C13723,2
C13724,3
C13725,0
C13726,0
C13727,0
C13728,3
C13729,3
C13730,4
C13731,1
C13732,7
C13733,4
C13734,5
C13735,4
C13736,5
C13737,7
C13738,3
C13739,4
C13740,0
C13741,0
C13742,1
C13743,3
C13744,7
C13745,3
C13746,0
C13747,0
C13748,7
C13749,2
C13750,7
C13751,1
C13752,8
C13753,5
C13754,1
C13755,5
C13756,1
C13757,1
C13758,6
C13759,7
C13760,6
C13761,6
C13762,6
C13763,4
C13764,0
C13765,3
C13767,5
C13768,0
C13769,3
C13770,7
C13771,2
C13772,0
C13773,5
C13774,4
C13775,0
C13776,1
C13777,2
C13778,5
C13779,1
C13780,5
C13781,7
C13782,3
C13783,1
C13784,5
C13785,7
C13786,5
C13787,8
C13788,6
C13789,3
C13790,1
C13791,0
C13792,5
C13793,6
C13794,5
C13795,5
C13796,5
C13797,4
C13798,6
C13799,5
C13800,0
C13801,2
C13802,5
C13803,3
C13804,7
C13805,3
C13806,0
C13807,1
C13809,6
C13810,5
C13811,1
C13812,5
C13813,2
C13814,0
C13815,4
C13816,6
C13817,0
C13819,2
C13820,4
C13821,6
C13822,7
C13823,4
C13824,0
C13825,5
C13826,7
C13827,0
C13828,8
C13829,1
C13830,1
C13831,5
C13832,4
C13833,3
C13834,3
C13835,5
C13836,5
C13837,1
C13838,1
C13839,0
C13840,0
C13841,7
C13842,7
C13843,8
C13844,4
C13845,1
C13846,2
C13847,0
C13848,5
C13849,4
C13850,0
C13851,6
C13852,1
C13853,1
C13855,4
C13856,0
C13857,2
C13858,8
C13859,1
C13860,0
C13861,5
C13862,8
C13863,6
C13864,5
C13865,0
C13866,8
C13867,8
C13868,5
C13869,8
C13870,6
C13871,2
C13872,0
C13873,7
C13874,8
C13875,5
C13876,1
C13877,5
C13878,7
C13879,1
C13881,3
C13882,6
C13883,0
C13884,7
C13885,6
C13886,5
C13887,2
C13888,1
C13889,7
C13890,6
C13891,5
C13892,1
C13893,0
C13894,2
C13895,3
C13896,5
C13897,2
C13898,7
C13899,5
C13900,8
C13901,3
C13902,5
C13903,6
C13904,0
C13905,6
C13906,4
C13907,3
C13908,0
C13909,4
C13910,7
C13911,5
C13912,7
C13913,3
C13914,0
C13915,5
C13916,2
C13917,6
C13918,1
C13919,1
C13920,6
C13921,0
C13922,7
C13923,4
C13924,2
C13925,7
C13926,8
C13927,6
C13928,6
C13929,7
C13930,7
C13931,5
C13932,3
C13933,8
C13934,1
C13935,4
C13936,5
C13937,1
C13938,6
C13939,7
C13940,6
C13941,2
C13942,1
C13943,0
C13944,5
C13945,7
C13946,4
C13947,1
C13948,7
C13949,3
C13950,6
C13951,5
C13952,3
C13953,1
C13954,2
C13955,4
C13956,0
C13957,2
C13958,6
C13959,6
C13960,6
C13961,2
C13962,4
C13964,0
C13965,4
C13966,5
C13967,7
C13968,0
C13969,1
C13970,3
C13971,0
C13972,8
C13973,4
C13974,3
C13975,4
C13977,1
C13978,5
C13979,6
C13980,4
C13981,7
C13982,6
C13983,3
C13984,8
C13985,0
C13986,7
C13987,6
C13988,5
C13989,3
C13990,8
C13991,2
C13992,8
C13993,6
C13994,8
C13995,5
C13996,0
C13997,5
C13998,2
C13999,8
C14000,0
C14001,1
C14002,6
C14003,4
C14004,3
C14005,7
C14006,1
C14007,2
C14008,6
C14009,4
C14010,6
C14011,0
C14012,3
C14013,1
C14014,8
C14015,6
C14016,7
C14017,1
C14018,7
C14019,1
C14020,5
C14021,1
C14022,1
C14023,3
C14024,4
C14026,4
C14027,4
C14028,2
C14029,2
C14030,2
C14031,6
C14032,7
C14033,0
C14034,1
C14035,4
C14036,7
C14037,5
C14038,4
C14039,6
C14040,5
C14041,7
C14042,1
C14043,0
C14044,8
C14045,1
C14046,6
C14047,7
C14048,5
C14049,4
C14050,0
C14051,1
C14052,1
C14053,1
C14054,4
C14055,0
C14056,8
C14057,5
C14058,4
C14059,5
C14060,1
C14061,3
C14062,3
C14063,3
C14064,6
C14065,5
C14066,5
C14067,5
C14068,4
C14069,6
C14070,3
C14071,2
C14072,1
C14073,3
C14074,2
C14075,3
C14076,2
C14077,1
C14078,3
C14079,1
C14080,6
C14081,2
C14082,5
C14083,4
C14084,1
C14085,1
C14086,7
C14087,4
C14088,5
C14089,8
C14090,1
C14091,0
C14092,4
C14094,3
C14095,1
C14096,0
C14097,3
C14098,8
C14099,2
C14100,5
C14101,7
C14102,1
C14103,5
C14104,8
C14105,1
C14106,6
C14107,3
C14108,7
C14109,5
C14111,2
C14112,7
C14113,0
C14114,7
C14115,5
C14116,7
C14117,5
C14119,7
C14120,0
C14121,6
C14122,7
C14123,6
C14124,5
C14125,4
C14126,5
C14127,5
C14128,2
C14129,2
C14130,7
C14131,7
C14132,7
C14133,5
C14134,1
C14135,3
C14136,7
C14137,4
C14138,1
C14139,5
C14140,3
C14141,2
C14142,7
C14143,6
C14144,0
C14145,2
C14146,4
C14147,5
C14148,8
C14149,4
C14150,5
C14151,0
C14152,8
C14153,4
C14154,7
C14155,8
C14156,6
C14157,7
C14158,6
C14159,6
C14161,1
C14162,3
C14163,6
C14164,6
C14165,4
C14166,5
C14167,1
C14168,5
C14169,3
C14170,2
C14171,8
C14172,3
C14173,3
C14174,6
C14175,1
C14177,1
C14178,7
C14179,1
C14180,1
C14181,7
C14182,1
C14183,6
C14184,3
C14185,7
C14186,3
C14187,1
C14188,5
C14189,4
C14190,0
C14191,2
C14192,5
C14193,1
C14194,1
C14195,8
C14196,1
C14197,5
C14198,3
C14199,1
C14200,7
C14201,5
C14202,2
C14203,2
C14204,6
C14205,7
C14206,2
C14207,7
C14208,5
C14209,8
C14210,1
C14211,7
C14212,6
C14213,7
C14214,1
C14215,6
C14216,7
C14217,8
C14218,5
C14219,7
C14220,6
C14221,5
C14222,3
C14223,3
C14224,2
C14225,5
C14226,6
C14227,2
C14228,0
C14229,1
C14230,6
C14231,6
C14232,1
C14233,3
C14234,3
C14235,5
C14236,6
C14237,3
C14238,5
C14239,7
C14240,6
C14241,7
C14242,5
C14243,2
C14244,3
C14245,7
C14246,3
C14247,7
C14248,7
C14249,5
C14250,3
C14251,5
C14252,4
C14253,7
C14254,0
C14255,0
C14256,5
C14257,2
C14258,6
C14259,7
C14260,7
C14261,1
C14262,5
C14263,4
C14264,7
C14265,3
C14266,0
C14267,6
C14268,2
C14269,4
C14270,3
C14271,0
C14272,2
C14273,6
C14274,8
C14275,3
C14276,4
C14277,5
C14278,1
C14279,1
C14280,4
C14281,1
C14282,1
C14283,5
C14284,1
C14285,6
C14286,6
C14287,8
C14288,8
C14289,3
C14290,3
C14291,7
C14292,5
C14293,3
C14294,7
C14295,0
C14297,3
C14298,0
C14299,4
C14300,6
C14301,6
C14302,4
C14303,2
C14304,0
C14305,4
C14306,6
C14307,4
C14308,3
C14309,3
C14310,1
C14311,7
C14312,7
C14313,0
C14314,6
C14315,8
C14316,8
C14317,6
C14318,3
C14319,4
C14320,1
C14322,0
C14323,1
C14324,5
C14325,6
C14326,4
C14327,3
C14328,0
C14329,5
C14330,6
C14331,5
C14332,8
C14333,7
C14334,5
C14335,1
C14336,6
C14337,8
C14338,6
C14339,0
C14340,3
C14341,7
C14342,4
C14343,3
C14344,3
C14345,3
C14346,1
C14347,4
C14348,1
C14349,3
C14350,0
C14351,6
C14352,3
C14353,5
C14354,1
C14355,8
C14356,1
C14357,8
C14358,5
C14359,7
C14360,1
C14361,6
C14362,2
C14363,6
C14364,6
C14365,4
C14366,6
C14367,7
C14368,2
C14369,1
C14370,7
C14371,1
C14372,3
C14373,3
C14374,7
C14375,5
C14376,4
C14377,4
C14378,6
C14379,3
C14380,2
C14381,7
C14382,0
C14383,2
C14384,5
C14385,4
C14386,1
C14387,5
C14388,6
C14389,6
C14390,6
C14391,0
C14392,1
C14393,3
C14394,5
C14395,4
C14396,1
C14397,1
C14398,4
C14399,3
C14400,5
C14401,2
C14402,0
C14403,5
C14404,1
C14405,5
C14406,5
C14407,4
C14408,6
C14409,5
C14410,2
C14411,1
C14412,3
C14413,7
C14414,6
C14415,5
C14416,8
C14417,5
C14418,2
C14419,7
C14421,1
C14422,1
C14423,0
C14424,8
C14425,6
C14426,2
C14427,3
C14428,3
C14429,6
C14430,3
C14431,7
C14432,0
C14433,1
C14434,6
C14435,7
C14436,7
C14437,1
C14439,1
C14440,3
C14441,1
C14442,0
C14443,6
C14444,4
C14445,1
C14447,5
C14448,3
C14449,1
C14450,4
C14451,7
C14452,1
C14453,8
C14455,0
C14456,4
C14457,3
C14458,6
C14459,7
C14460,3
C14461,5
C14462,0
C14463,3
C14464,6
C14465,5
C14466,2
C14467,3
C14468,2
C14469,1
C14470,0
C14471,0
C14472,0
C14473,7
C14474,2
C14475,4
C14476,4
C14477,2
C14478,0
C14479,7
C14480,2
C14481,1
C14482,0
C14483,1
C14484,1
C14485,7
C14486,5
C14487,2
C14488,2
C14489,2
C14490,7
C14492,4
C14493,0
C14494,0
C14495,1
C14496,4
C14497,6
C14498,5
C14499,2
C14500,1
C14501,5
C14502,5
C14503,8
C14504,4
C14505,0
C14506,0
C14507,1
C14508,1
C14509,4
C14510,5
C14511,6
C14512,0
C14513,1
C14514,3
C14515,0
C14516,5
C14517,0
C14518,4
C14519,0
C14520,5
C14521,8
C14522,6
C14523,8
C14524,3
C14525,1
C14526,5
C14527,1
C14528,3
C14529,6
C14530,4
C14531,1
C14532,5
C14533,1
C14534,7
C14535,1
C14536,7
C14537,3
C14538,0
C14539,3
C14540,1
C14541,1
C14542,7
C14543,3
C14544,6
C14545,5
C14546,1
C14547,2
C14548,7
C14549,7
C14550,5
C14551,5
C14553,1
C14554,4
C14555,1
C14556,2
C14557,7
C14558,5
C14559,3
C14560,6
C14561,0
C14562,4
C14563,7
C14564,5
C14565,6
C14566,8
C14567,6
C14568,0
C14569,2
C14570,5
C14571,2
C14572,4
C14573,1
C14574,6
C14575,4
C14576,1
C14577,1
C14578,7
C14579,8
C14580,5
C14581,5
C14582,6
C14583,1
C14584,6
C14585,8
C14586,2
C14587,4
C14588,5
C14589,6
C14590,6
C14591,2
C14592,8
C14593,8
C14594,0
C14595,4
C14596,2
C14597,4
C14598,7
C14599,4
C14600,5
C14601,7
C14602,6
C14603,7
C14604,5
C14606,0
C14607,5
C14608,4
C14609,1
C14610,7
C14611,0
C14612,8
C14613,5
C14614,7
C14615,0
C14616,3
C14617,1
C14618,1
C14619,1
C14620,4
C14621,1
C14622,4
C14623,1
C14624,6
C14625,3
C14626,5
C14627,6
C14628,4
C14629,1
C14630,5
C14631,7
C14632,6
C14633,5
C14634,7
C14635,0
C14636,3
C14637,4
C14638,1
C14639,0
C14640,0
C14641,6
C14642,5
C14643,5
C14644,5
C14645,1
C14646,3
C14647,2
C14648,3
C14649,7
C14650,4
C14651,1
C14652,2
C14653,1
C14654,3
C14655,6
C14656,0
C14657,6
C14658,7
C14659,6
C14660,5
C14661,2
C14662,2
C14663,4
C14664,8
C14665,5
C14666,6
C14667,5
C14668,3
C14669,6
C14670,3
C14672,5
C14673,2
C14674,1
C14675,1
C14676,0
C14677,4
C14678,5
C14679,6
C14680,6
C14681,0
C14682,7
C14683,5
C14684,0
C14685,0
C14686,1
C14687,4
C14688,7
C14689,3
C14690,8
C14691,7
C14692,1
C14693,6
C14694,1
C14695,7
C14696,1
C14697,1
C14698,6
C14699,5
C14700,7
C14701,5
C14702,6
C14703,6
C14704,3
C14705,0
C14706,1
C14707,0
C14708,7
C14709,3
C14710,0
C14711,0
C14712,5
C14713,1
C14714,5
C14715,3
C14716,6
C14717,1
C14718,3
C14719,4
C14720,1
C14721,1
C14722,4
C14723,7
C14724,0
C14725,2
C14726,1
C14727,5
C14728,7
C14729,2
C14730,1
C14731,1
C14732,4
C14733,1
C14734,6
C14735,7
C14736,5
C14737,1
C14738,1
C14739,6
C14740,5
C14741,6
C14742,4
C14743,7
C14744,5
C14745,7
C14746,3
C14747,4
C14748,1
C14749,1
C14750,7
C14751,4
C14752,7
C14753,6
C14754,3
C14755,3
C14756,5
C14757,4
C14758,7
C14759,5
C14760,6
C14761,8
C14762,5
C14763,3
C14764,0
C14765,5
C14766,7
C14767,2
C14768,7
C14769,5
C14770,6
C14771,5
C14772,7
C14773,1
C14774,4
C14775,8
C14776,1
C14777,2
C14778,4
C14779,1
C14780,1
C14781,4
C14783,1
C14784,6
C14785,7
C14786,4
C14787,7
C14788,5
C14789,2
C14790,1
C14791,7
C14792,6
C14793,5
C14794,3
C14795,0
C14796,2
C14797,4
C14798,3
C14799,5
C14800,2
C14802,2
C14803,1
C14804,8
C14805,5
C14806,3
C14807,6
C14808,4
C14809,3
C14810,1
C14811,4
C14812,1
C14813,1
C14814,7
C14815,6
C14816,1
C14817,3
C14818,1
C14819,3
C14820,6
C14821,6
C14822,1
C14823,2
C14824,6
C14825,3
C14826,6
C14827,2
C14828,0
C14829,1
C14830,8
C14831,4
C14832,1
C14833,3
C14834,0
C14835,5
C14836,0
C14837,5
C14838,0
C14839,2
C14841,5
C14842,1
C14843,7
C14844,7
C14845,6
C14846,7
C14847,4
C14848,1
C14849,7
C14850,2
C14851,0
C14852,8
C14853,7
C14854,0
C14855,2
C14856,4
C14857,2
C14858,6
C14859,7
C14860,2
C14861,4
C14862,6
C14863,6
C14864,1
C14865,2
C14866,7
C14867,1
C14868,7
C14870,1
C14871,4
C14872,6
C14873,7
C14874,0
C14876,7
C14877,6
C14878,7
C14879,3
C14880,0
C14881,1
C14882,2
C14884,1
C14885,0
C14886,7
C14887,3
C14888,5
C14889,1
C14890,5
C14892,5
C14894,5
C14895,3
C14896,4
C14897,5
C14898,6
C14899,1
C14900,3
C14901,1
C14902,6
C14903,8
C14904,2
C14905,1
C14906,6
C14907,5
C14908,4
C14909,0
C14910,1
C14911,3
C14912,1
C14913,2
C14914,8
C14915,2
C14916,1
C14917,6
C14918,0
C14919,1
C14920,3
C14921,4
C14922,1
C14923,3
C14924,0
C14925,1
C14926,6
C14927,1
C14928,3
C14929,2
C14930,7
C14931,0
C14932,3
C14933,4
C14934,8
C14935,6
C14936,4
C14937,1
C14938,3
C14939,1
C14940,3
C14941,7
C14942,6
C14943,3
C14944,6
C14945,1
C14946,7
C14947,2
C14948,1
C14949,2
C14950,6
C14951,2
C14952,1
C14953,2
C14954,5
C14955,6
C14956,0
C14957,0
C14958,2
C14959,6
C14960,5
C14961,7
C14962,5
C14963,2
C14964,5
C14965,3
C14966,4
C14967,1
C14968,4
C14969,1
C14970,7
C14971,8
C14972,1
C14973,3
C14974,6
C14975,5
C14976,4
C14977,3
C14978,4
C14979,5
C14980,8
C14981,3
C14982,2
C14983,5
C14984,1
C14985,7
C14986,1
C14987,4
C14988,3
C14989,4
C14990,0
C14991,4
C14992,6
C14993,4
C14994,6
C14995,2
C14996,0
C14997,7
C14998,3
C15000,5
C15001,2
C15002,6
C15003,5
C15004,4
C15005,7
C15006,2
C15007,3
C15008,7
C15009,3
C15010,6
C15011,6
C15012,7
C15013,3
C15014,5
C15015,1
C15016,6
C15017,6
C15018,3
C15019,6
C15020,4
C15021,3
C15022,4
C15023,4
C15025,2
C15026,2
C15027,5
C15028,3
C15029,2
C15030,4
C15031,7
C15032,4
C15033,4
C15034,7
C15035,3
C15036,5
C15037,5
C15038,1
C15039,6
C15040,5
C15041,0
C15042,5
C15043,7
C15044,7
C15045,1
C15046,8
C15047,5
C15048,1
C15049,2
C15050,1
C15051,6
C15052,8
C15054,5
C15055,8
C15056,0
C15057,5
C15058,0
C15059,8
C15060,7
C15061,2
C15062,5
C15063,8
C15064,0
C15065,3
C15067,4
C15068,3
C15069,3
C15070,3
C15071,3
C15073,7
C15074,6
C15075,1
C15076,4
C15077,3
C15078,2
C15079,8
C15080,8
C15081,1
C15082,1
C15083,3
C15084,0
C15085,6
C15086,6
C15087,7
C15088,1
C15089,5
C15090,2
C15091,8
C15092,1
C15093,3
C15094,1
C15095,1
C15096,1
C15097,4
C15098,5
C15099,0
C15100,6
C15101,7
C15102,3
C15103,4
C15104,5
C15105,7
C15106,4
C15107,1
C15108,4
C15109,4
C15110,3
C15111,7
C15112,1
C15113,3
C15114,0
C15115,6
C15116,7
C15117,6
C15118,5
C15121,4
C15122,5
C15123,0
C15124,2
C15125,5
C15126,8
C15127,6
C15128,8
C15129,3
C15130,1
C15131,2
C15132,7
C15133,0
C15134,4
C15135,1
C15136,7
C15137,6
C15138,6
C15139,6
C15140,6
C15141,2
C15142,5
C15143,3
C15144,6
C15145,7
C15146,6
C15147,6
C15148,3
C15149,4
C15150,4
C15151,0
C15152,7
C15153,6
C15154,6
C15155,5
C15156,1
C15157,6
C15158,7
C15159,5
C15160,7
C15161,4
C15162,4
C15163,5
C15164,0
C15165,3
C15166,1
C15167,2
C15168,5
C15169,6
C15170,3
C15171,3
C15172,0
C15173,7
C15174,7
C15175,4
C15177,1
C15178,7
C15179,4
C15180,7
C15181,5
C15182,1
C15183,3
C15184,0
C15185,6
C15186,5
C15187,7
C15188,5
C15189,1
C15190,5
C15191,4
C15192,6
C15193,5
C15194,1
C15195,8
C15196,5
C15197,4
C15198,4
C15199,1
C15200,4
C15201,7
C15202,4
C15203,7
C15204,1
C15206,2
C15207,4
C15208,6
C15209,1
C15210,3
C15211,7
C15212,7
C15213,2
C15214,6
C15215,6
C15216,3
C15217,4
C15218,5
C15219,4
C15220,1
C15221,5
C15222,7
C15223,4
C15224,4
C15225,3
C15226,7
C15227,6
C15228,1
C15229,5
C15230,6
C15232,0
C15233,5
C15234,2
C15235,5
C15236,1
C15237,4
C15239,0
C15240,4
C15241,1
C15242,1
C15243,2
C15244,3
C15245,3
C15246,7
C15247,1
C15248,3
C15249,1
C15250,6
C15251,0
C15252,3
C15253,6
C15254,6
C15255,4
C15256,0
C15257,1
C15258,3
C15259,3
C15260,6
C15261,0
C15262,3
C15263,0
C15264,3
C15265,5
C15266,1
C15267,1
C15268,7
C15269,8
C15270,3
C15271,1
C15272,4
C15273,5
C15274,5
C15275,6
C15276,3
C15277,7
C15278,4
C15279,7
C15280,5
C15281,5
C15282,5
C15283,3
C15284,7
C15285,7
C15286,7
C15287,2
C15288,4
C15289,7
C15290,1
C15291,1
C15292,3
C15293,4
C15294,4
C15295,3
C15296,1
C15297,8
C15298,5
C15299,7
C15300,1
C15301,5
C15302,2
C15303,8
C15304,4
C15305,4
C15306,1
C15307,3
C15308,7
C15309,4
C15310,2
C15311,8
C15312,4
C15313,5
C15314,1
C15315,3
C15316,7
C15317,1
C15318,3
C15319,4
C15320,5
C15321,0
C15322,0
C15323,7
C15324,2
C15325,3
C15326,7
C15327,8
C15328,3
C15329,1
C15330,5
C15331,6
C15332,4
C15333,1
C15334,5
C15335,4
C15336,1
C15337,8
C15338,0
C15339,5
C15341,2
C15342,2
C15343,0
C15344,0
C15345,6
C15346,4
C15347,7
C15348,5
C15349,8
C15350,7
C15351,6
C15352,4
C15353,4
C15354,0
C15355,1
C15356,3
C15357,1
C15358,5
C15359,6
C15360,7
C15361,6
C15362,1
C15364,0
C15365,5
C15366,3
C15367,8
C15368,5
C15369,2
C15370,2
C15371,3
C15372,7
C15373,0
C15374,6
C15375,6
C15376,5
C15377,4
C15378,4
C15379,1
C15380,0
C15381,6
C15382,6
C15383,4
C15384,1
C15385,0
C15386,2
C15387,5
C15388,1
C15389,3
C15390,7
C15391,4
C15392,1
C15393,8
C15394,6
C15395,2
C15396,4
C15397,4
C15398,4
C15399,1
C15400,8
C15401,1
C15402,0
C15403,5
C15404,1
C15405,4
C15406,3
C15407,5
C15408,8
C15409,2
C15410,2
C15411,5
C15412,3
C15413,1
C15414,5
C15415,2
C15417,1
C15418,7
C15419,7
C15420,4
C15421,5
C15422,7
C15423,4
C15424,5
C15425,6
C15426,6
C15427,6
C15428,5
C15429,0
C15430,7
C15431,2
C15432,1
C15433,1
C15435,2
C15436,7
C15437,4
C15438,0
C15439,5
C15440,4
C15441,3
C15442,8
C15443,6
C15444,7
C15445,7
C15446,1
C15448,0
C15449,2
C15450,8
C15451,2
C15452,4
C15453,4
C15454,4
C15455,3
C15456,4
C15457,3
C15459,2
C15460,4
C15461,5
C15462,0
C15463,7
C15464,1
C15465,3
C15466,6
C15467,6
C15469,3
C15470,6
C15471,7
C15472,2
C15473,3
C15474,4
C15475,1
C15476,1
C15477,2
C15478,1
C15479,4
C15480,8
C15481,4
C15482,7
C15483,6
C15484,6
C15485,1
C15486,6
C15487,6
C15488,6
C15489,4
C15490,0
C15491,3
C15492,5
C15493,7
C15494,0
C15495,2
C15496,5
C15497,7
C15498,3
C15499,5
C15500,5
C15501,7
C15502,4
C15503,0
C15504,8
C15505,3
C15506,6
C15507,0
C15508,7
C15509,6
C15510,0
C15511,2
C15512,7
C15513,0
C15514,1
C15515,7
C15516,2
C15517,4
C15519,7
C15520,2
C15521,1
C15522,1
C15523,7
C15524,1
C15525,6
C15526,6
C15527,7
C15528,4
C15529,3
C15530,5
C15531,3
C15532,1
C15533,1
C15534,7
C15535,1
C15536,1
C15537,1
C15538,0
C15539,1
C15540,7
C15541,0
C15542,7
C15543,3
C15544,1
C15545,4
C15546,2
C15547,1
C15548,0
C15549,3
C15550,5
C15551,1
C15552,6
C15553,5
C15554,5
C15555,1
C15556,7
C15557,5
C15558,6
C15559,3
C15560,6
C15561,7
C15562,0
C15563,7
C15564,1
C15565,1
C15566,8
C15567,1
C15568,1
C15569,4
C15570,8
C15571,0
C15572,5
C15573,4
C15574,5
C15575,7
C15576,7
C15577,2
C15578,4
C15579,4
C15580,5
C15581,4
C15582,6
C15583,4
C15584,4
C15585,2
C15586,1
C15587,1
C15588,8
C15589,0
C15590,3
C15591,4
C15592,7
C15593,7
C15594,3
C15595,4
C15596,3
C15597,5
C15598,0
C15599,0
C15600,6
C15601,7
C15602,1
C15603,0
C15604,1
C15605,7
C15606,5
C15607,6
C15608,2
C15609,5
C15610,6
C15611,1
C15612,4
C15613,0
C15614,7
C15615,2
C15616,1
C15617,6
C15618,2
C15619,8
C15620,6
C15621,7
C15622,1
C15623,1
C15624,2
C15625,5
C15626,6
C15627,5
C15628,5
C15629,0
C15630,1
C15631,2
C15632,2
C15633,1
C15634,7
C15636,6
C15637,8
C15638,1
C15639,8
C15640,7
C15641,3
C15642,0
C15643,7
C15644,4
C15645,6
C15646,6
C15647,7
C15648,6
C15649,5
C15650,4
C15651,7
C15652,1
C15653,7
C15654,5
C15655,6
C15656,1
C15657,3
C15658,7
C15659,1
C15660,2
C15661,7
C15662,8
C15663,5
C15664,7
C15666,7
C15667,5
C15668,0
C15669,0
C15670,0
C15671,5
C15672,3
C15673,1
C15674,8
C15675,8
C15676,6
C15677,7
C15678,5
C15680,5
C15681,0
C15682,3
C15683,2
C15684,7
C15685,6
C15686,3
C15687,5
C15688,1
C15689,6
C15690,6
C15691,4
C15692,6
C15693,3
C15694,8
C15695,5
C15696,6
C15697,3
C15698,2
C15699,7
C15700,5
C15701,0
C15702,8
C15703,6
C15704,0
C15705,5
C15706,6
C15707,4
C15708,1
C15709,7
C15710,4
C15711,3
C15712,4
C15713,1
C15714,4
C15715,2
C15716,2
C15717,8
C15718,1
C15719,0
C15720,0
C15721,6
C15722,8
C15723,5
C15724,8
C15725,7
C15726,4
C15727,4
C15728,0
C15729,5
C15730,6
C15731,5
C15732,3
C15733,2
C15734,4
C15735,2
C15736,0
C15737,7
C15738,4
C15739,4
C15740,2
C15741,7
C15742,5
C15743,7
C15744,6
C15745,6
C15746,1
C15747,1
C15748,1
C15749,2
C15750,1
C15751,3
C15752,7
C15753,5
C15754,7
C15755,5
C15756,1
C15757,1
C15758,7
C15759,4
C15760,3
C15761,3
C15762,6
C15763,7
C15764,6
C15765,1
C15766,7
C15767,6
C15768,2
C15769,6
C15770,5
C15771,2
C15773,3
C15774,8
C15775,6
C15776,6
C15777,2
C15778,3
C15779,7
C15780,3
C15781,4
C15782,3
C15783,8
C15784,4
C15785,1
C15786,2
C15787,1
C15789,2
C15790,7
C15791,3
C15792,0
C15793,8
C15794,7
C15795,6
C15796,0
C15797,1
C15798,1
C15799,1
C15800,3
C15801,1
C15802,6
C15803,5
C15804,7
C15805,7
C15806,3
C15807,0
C15808,4
C15809,6
C15810,4
C15811,8
C15812,6
C15813,1
C15814,4
C15815,2
C15816,3
C15817,3
C15818,6
C15819,8
C15820,7
C15821,3
C15822,4
C15823,8
C15824,0
C15825,0
C15826,3
C15827,1
C15828,5
C15829,1
C15830,4
C15831,5
C15832,5
C15833,1
C15834,6
C15835,1
C15836,2
C15837,4
C15838,7
C15839,6
C15840,1
C15841,5
C15842,1
C15843,3
C15844,4
C15845,5
C15846,1
C15847,4
C15848,1
C15849,1
C15850,1
C15851,3
C15852,5
C15853,5
C15854,1
C15856,4
C15857,2
C15858,4
C15859,1
C15860,2
C15861,7
C15862,1
C15863,8
C15864,7
C15865,6
C15866,4
C15867,4
C15868,4
C15869,2
C15870,7
C15871,8
C15872,5
C15873,3
C15874,1
C15875,0
C15876,7
C15877,5
C15878,6
C15879,7
C15880,7
C15881,6
C15882,4
C15883,0
C15885,1
C15886,1
C15887,8
C15888,2
C15889,4
C15890,6
C15891,1
C15892,6
C15893,7
C15894,2
C15895,1
C15896,1
C15897,7
C15898,2
C15899,2
C15900,7
C15901,7
C15902,5
C15903,3
C15904,4
C15905,1
C15906,1
C15907,4
C15908,6
C15909,6
C15910,2
C15912,0
C15913,8
C15914,1
C15915,7
C15916,4
C15917,1
C15918,4
C15919,1
C15920,2
C15921,7
C15922,3
C15923,5
C15924,2
C15925,7
C15926,1
C15927,4
C15928,6
C15929,6
C15930,3
C15931,4
C15932,5
C15933,7
C15934,3
C15935,0
C15936,1
C15937,2
C15938,2
C15939,4
C15940,0
C15941,7
C15943,4
C15944,3
C15945,4
C15946,1
C15947,1
C15948,0
C15949,2
C15950,6
C15951,7
C15952,6
C15953,1
C15954,3
C15955,6
C15956,5
C15957,2
C15958,7
C15959,8
C15960,2
C15961,3
C15962,1
C15963,1
C15965,1
C15966,1
C15967,5
C15968,2
C15969,4
C15970,0
C15971,3
C15972,4
C15973,3
C15974,2
C15975,5
C15976,1
C15977,7
C15978,0
C15979,4
C15980,7
C15981,1
C15982,2
C15983,3
C15984,0
C15985,1
C15986,7
C15987,0
C15988,1
C15989,5
C15990,1
C15991,8
C15992,6
C15993,7
C15994,5
C15995,0
C15996,1
C15997,4
C15998,1
C15999,5
C16000,1
C16001,7
C16002,5
C16003,7
C16004,0
C16005,7
C16007,8
C16008,2
C16009,2
C16010,6
C16011,5
C16012,3
C16013,4
C16014,0
C16015,1
C16016,5
C16017,1
C16018,2
C16019,4
C16020,0
C16021,4
C16022,6
C16023,3
C16024,5
C16025,5
C16026,6
C16028,1
C16029,3
C16030,8
C16031,5
C16032,3
C16033,6
C16034,4
C16035,1
C16036,8
C16037,4
C16038,5
C16039,3
C16040,4
C16041,3
C16042,6
C16043,3
C16045,2
C16046,7
C16047,5
C16048,4
C16049,6
C16050,1
C16051,3
C16052,4
C16053,7
C16054,7
C16055,6
C16056,0
C16057,1
C16058,2
C16059,7
C16060,2
C16061,1
C16062,3
C16063,2
C16064,4
C16065,2
C16066,1
C16067,0
C16068,6
C16069,7
C16070,6
C16071,2
C16072,3
C16073,4
C16074,6
C16075,8
C16076,3
C16077,6
C16078,1
C16079,7
C16080,8
C16081,1
C16082,1
C16083,1
C16084,1
C16085,0
C16086,1
C16087,8
C16088,4
C16089,3
C16090,1
C16091,2
C16092,1
C16093,0
C16094,3
C16095,5
C16096,4
C16097,8
C16098,6
C16099,7
C16100,8
C16101,5
C16102,5
C16103,5
C16104,7
C16105,3
C16106,4
C16107,2
C16108,7
C16109,7
C16110,0
C16111,5
C16112,8
C16113,1
C16114,0
C16115,2
C16116,1
C16117,2
C16118,0
C16119,8
C16120,1
C16121,4
C16122,8
C16123,6
C16124,1
C16125,2
C16126,6
C16127,4
C16128,4
C16129,6
C16130,5
C16131,5
C16132,6
C16133,2
C16134,7
C16135,1
C16136,7
C16137,6
C16138,5
C16139,7
C16140,1
C16141,6
C16142,4
C16143,7
C16144,2
C16145,6
C16146,3
C16147,6
C16148,7
C16149,3
C16150,2
C16151,2
C16153,5
C16154,2
C16155,7
C16157,7
C16158,7
C16159,1
C16160,1
C16161,7
C16162,1
C16163,2
C16164,7
C16165,5
C16166,1
C16167,7
C16168,6
C16169,7
C16171,4
C16172,6
C16173,7
C16174,1
C16175,1
C16176,4
C16177,1
C16178,5
C16179,1
C16180,1
C16181,0
C16182,8
C16184,3
C16185,7
C16186,1
C16187,1
C16188,4
C16189,0
C16190,3
C16191,5
C16192,8
C16193,8
C16194,3
C16195,2
C16196,4
C16197,5
C16198,0
C16199,0
C16200,5
C16201,3
C16202,5
C16203,5
C16204,6
C16205,6
C16206,4
C16207,7
C16208,5
C16209,1
C16210,0
C16212,5
C16213,3
C16214,0
C16215,3
C16216,7
C16217,0
C16218,1
C16219,2
C16220,5
C16221,5
C16222,1
C16223,3
C16224,7
C16225,2
C16226,5
C16227,2
C16228,5
C16229,2
C16230,3
C16231,5
C16232,6
C16233,8
C16234,5
C16235,6
C16236,5
C16237,1
C16238,8
C16239,2
C16240,2
C16241,3
C16242,3
C16243,6
C16244,8
C16245,7
C16246,1
C16247,5
C16248,5
C16249,0
C16250,8
C16251,2
C16252,6
C16253,8
C16254,3
C16255,5
C16256,3
C16257,4
C16258,1
C16259,6
C16260,8
C16261,5
C16262,5
C16263,3
C16264,0
C16265,2
C16266,4
C16267,5
C16268,5
C16269,2
C16270,5
C16271,2
C16272,3
C16273,0
C16274,4
C16275,3
C16276,2
C16277,7
C16278,8
C16279,4
C16280,5
C16281,3
C16282,6
C16283,8
C16284,2
C16285,2
C16286,1
C16287,8
C16288,7
C16289,6
C16290,8
C16291,7
C16292,5
C16293,3
C16294,8
C16295,8
C16296,0
C16297,0
C16298,6
C16299,5
C16300,7
C16301,8
C16302,5
C16303,7
C16304,2
C16305,5
C16306,6
C16307,6
C16308,3
C16309,7
C16310,5
C16311,7
C16312,0
C16313,1
C16314,1
C16315,8
C16316,2
C16317,0
C16318,5
C16319,4
C16320,4
C16321,4
C16322,5
C16323,1
C16324,5
C16325,3
C16326,5
C16327,6
C16328,6
C16329,0
C16330,1
C16331,2
C16332,7
C16333,3
C16334,3
C16335,6
C16336,0
C16337,7
C16338,7
C16339,8
C16340,2
C16341,0
C16342,4
C16343,7
C16345,2
C16346,0
C16347,6
C16348,5
C16349,3
C16350,3
C16351,1
C16352,1
C16353,7
C16354,0
C16355,2
C16356,0
C16357,6
C16358,0
C16359,8
C16360,1
C16361,6
C16362,2
C16363,2
C16364,1
C16365,2
C16366,3
C16367,1
C16369,0
C16370,1
C16371,2
C16372,2
C16373,7
C16374,2
C16375,8
C16376,1
C16377,0
C16378,7
C16379,5
C16380,2
C16381,8
C16382,2
C16383,0
C16384,8
C16385,7
C16386,2
C16387,3
C16388,1
C16389,5
C16390,2
C16391,4
C16392,0
C16393,8
C16394,2
C16395,6
C16396,0
C16397,3
C16398,4
C16399,2
C16400,3
C16401,7
C16402,3
C16403,5
C16404,8
C16405,3
C16406,4
C16407,2
C16408,1
C16409,8
C16410,1
C16411,5
C16412,6
C16414,1
C16415,7
C16416,5
C16417,3
C16418,7
C16419,6
C16421,1
C16422,7
C16423,6
C16424,4
C16425,3
C16426,7
C16427,1
C16428,4
C16429,4
C16430,7
C16431,4
C16432,8
C16433,0
C16434,7
C16435,6
C16436,6
C16437,1
C16438,2
C16439,0
C16440,6
C16441,8
C16442,4
C16443,4
C16444,1
C16445,3
C16446,2
C16447,8
C16448,5
C16449,8
C16450,6
C16451,5
C16452,1
C16453,2
C16454,5
C16455,2
C16456,4
C16457,0
C16458,4
C16459,5
C16460,1
C16461,6
C16462,5
C16463,0
C16464,2
C16465,6
C16466,8
C16467,5
C16468,7
C16469,7
C16470,4
C16471,0
C16472,5
C16473,2
C16474,3
C16475,3
C16476,1
C16477,4
C16478,5
C16479,5
C16480,5
C16481,2
C16482,1
C16483,0
C16484,2
C16485,1
C16486,4
C16487,7
C16488,1
C16489,7
C16490,5
C16491,2
C16492,5
C16493,7
C16494,0
C16495,0
C16496,4
C16497,1
C16498,5
C16499,1
C16500,5
C16501,0
C16502,4
C16503,8
C16504,0
C16505,7
C16506,5
C16507,6
C16508,7
C16509,5
C16510,1
C16511,5
C16512,4
C16513,1
C16514,3
C16515,3
C16516,7
C16517,2
C16518,3
C16519,7
C16520,2
C16521,7
C16522,0
C16523,6
C16524,5
C16525,8
C16526,7
C16527,5
C16528,2
C16529,3
C16530,8
C16531,3
C16532,1
C16533,0
C16534,1
C16535,7
C16536,7
C16537,4
C16538,4
C16539,1
C16540,3
C16541,1
C16542,1
C16543,0
C16544,2
C16545,8
C16546,7
C16547,2
C16548,3
C16549,6
C16550,2
C16551,1
C16552,6
C16553,7
C16554,8
C16555,5
C16556,2
C16557,0
C16558,4
C16559,1
C16560,2
C16561,3
C16562,1
C16563,4
C16564,6
C16565,5
C16566,1
C16567,5
C16568,7
C16569,2
C16570,4
C16571,3
C16572,7
C16573,3
C16574,6
C16575,6
C16576,1
C16577,1
C16578,4
C16579,6
C16580,0
C16581,7
C16583,2
C16584,7
C16585,3
C16586,4
C16587,1
C16588,8
C16589,1
C16590,3
C16591,2
C16592,8
C16593,0
C16594,2
C16595,7
C16596,4
C16597,7
C16598,7
C16599,5
C16600,0
C16601,8
C16602,5
C16603,4
C16604,5
C16605,5
C16606,7
C16607,5
C16608,4
C16609,7
C16610,8
C16611,5
C16612,8
C16613,1
C16614,2
C16615,3
C16616,5
C16617,6
C16618,3
C16619,0
C16620,0
C16621,7
C16622,3
C16623,3
C16625,0
C16626,1
C16627,6
C16628,0
C16629,3
C16630,6
C16631,4
C16632,7
C16633,6
C16634,0
C16635,2
C16636,0
C16637,4
C16638,6
C16639,1
C16640,3
C16641,1
C16642,1
C16643,2
C16644,2
C16645,1
C16646,1
C16647,0
C16648,3
C16650,8
C16651,6
C16652,7
C16653,8
C16654,2
C16655,1
C16656,8
C16657,7
C16658,5
C16659,3
C16660,4
C16661,2
C16662,0
C16663,7
C16664,2
C16665,4
C16666,0
C16667,4
C16668,0
C16669,6
C16670,7
C16671,4
C16672,7
C16673,4
C16674,5
C16675,2
C16676,8
C16677,5
C16678,4
C16679,8
C16680,1
C16681,2
C16682,3
C16683,0
C16684,8
C16685,4
C16686,4
C16687,1
C16688,4
C16689,2
C16690,5
C16691,1
C16692,2
C16693,3
C16694,0
C16695,8
C16697,4
C16698,2
C16699,2
C16700,0
C16701,6
C16702,2
C16703,4
C16704,7
C16705,3
C16706,4
C16707,2
C16708,4
C16709,8
C16710,1
C16711,1
C16712,6
C16713,1
C16714,4
C16715,4
C16716,3
C16717,7
C16718,4
C16719,1
C16720,2
C16721,1
C16722,4
C16723,3
C16724,7
C16725,1
C16726,4
C16727,3
C16728,7
C16729,7
C16730,7
C16731,1
C16732,0
C16733,5
C16734,2
C16735,4
C16736,8
C16737,3
C16738,4
C16739,0
C16740,6
C16741,1
C16742,6
C16743,7
C16744,3
C16745,7
C16746,1
C16747,7
C16748,4
C16749,4
C16750,3
C16751,8
C16752,1
C16753,4
C16755,4
C16757,7
C16758,6
C16759,4
C16760,6
C16761,3
C16762,5
C16763,6
C16764,4
C16765,8
C16766,3
C16767,8
C16768,5
C16769,4
C16770,1
C16771,8
C16772,7
C16773,2
C16774,1
C16775,3
C16776,1
C16777,7
C16778,3
C16779,7
C16780,8
C16781,0
C16782,7
C16784,2
C16785,5
C16786,1
C16787,3
C16789,1
C16790,1
C16791,2
C16792,2
C16793,2
C16794,6
C16795,8
C16796,0
C16797,1
C16798,1
C16799,5
C16800,4
C16801,2
C16802,1
C16803,0
C16804,1
C16805,7
C16806,2
C16807,5
C16808,4
C16809,0
C16810,5
C16811,6
C16812,0
C16813,3
C16814,6
C16815,5
C16816,0
C16817,5
C16818,2
C16819,4
C16820,3
C16821,0
C16822,1
C16823,5
C16824,1
C16825,8
C16826,1
C16827,1
C16828,1
C16829,0
C16831,5
C16832,6
C16833,3
C16834,4
C16835,0
C16836,6
C16837,7
C16838,8
C16839,4
C16840,4
C16841,1
C16842,1
C16843,8
C16844,0
C16845,4
C16847,6
C16849,6
C16850,4
C16851,3
C16852,5
C16854,1
C16855,3
C16856,1
C16857,0
C16858,1
C16859,3
C16860,6
C16861,1
C16862,2
C16863,8
C16864,1
C16865,0
C16866,7
C16867,3
C16868,7
C16869,0
C16870,1
C16871,3
C16872,1
C16873,5
C16874,2
C16875,2
C16876,5
C16877,8
C16878,2
C16880,1
C16881,5
C16882,3
C16883,1
C16884,0
C16885,2
C16886,4
C16887,3
C16888,1
C16889,8
C16890,7
C16891,4
C16892,0
C16893,5
C16894,4
C16895,7
C16896,2
C16897,5
C16898,6
C16899,3
C16900,1
C16901,0
C16902,8
C16903,4
C16904,7
C16905,4
C16906,7
C16907,3
C16908,1
C16909,4
C16910,5
C16911,6
C16912,4
C16913,3
C16914,0
C16915,6
C16916,0
C16917,1
C16918,4
C16919,3
C16920,0
C16921,2
C16922,6
C16923,4
C16924,1
C16925,2
C16926,6
C16927,2
C16928,4
C16929,3
C16930,7
C16931,7
C16932,6
C16933,4
C16934,0
C16935,5
C16936,3
C16937,0
C16938,5
C16939,2
C16940,5
C16941,4
C16942,1
C16943,0
C16944,0
C16945,4
C16946,8
C16947,8
C16948,1
C16949,1
C16950,1
C16951,4
C16952,2
C16953,6
C16954,6
C16955,8
C16956,1
C16957,4
C16958,1
C16959,8
C16960,3
C16961,1
C16962,1
C16963,3
C16964,3
C16965,2
C16966,4
C16967,4
C16968,1
C16969,0
C16970,2
C16971,6
C16972,4
C16973,8
C16974,7
C16975,1
C16976,0
C16977,3
C16978,4
C16979,0
C16980,7
C16981,4
C16982,1
C16983,4
C16984,3
C16985,2
C16986,0
C16987,5
C16988,1
C16989,4
C16990,1
C16991,6
C16992,2
C16993,2
C16994,7
C16995,5
C16996,6
C16997,2
C16998,3
C16999,3
C17000,4
C17001,3
C17002,8
C17003,3
C17004,3
C17005,1
C17006,5
C17007,3
C17008,4
C17009,2
C17010,7
C17011,6
C17012,6
C17013,0
C17014,7
C17015,5
C17016,4
C17017,8
C17018,6
C17019,2
C17020,8
C17021,6
C17022,3
C17023,5
C17024,4
C17025,5
C17026,0
C17027,6
C17028,3
C17029,8
C17030,8
C17031,8
C17032,0
C17033,3
C17034,4
C17035,0
C17036,1
C17037,2
C17038,4
C17039,7
C17040,3
C17041,3
C17042,1
C17043,1
C17044,4
C17045,5
C17046,8
C17047,2
C17048,4
C17049,5
C17050,3
C17051,7
C17052,7
C17053,2
C17054,1
C17055,8
C17056,1
C17057,6
C17058,3
C17059,4
C17060,8
C17062,4
C17063,1
C17064,2
C17065,3
C17066,1
C17067,3
C17068,6
C17069,3
C17070,3
C17071,1
C17072,0
C17073,7
C17074,2
C17075,3
C17076,4
C17077,4
C17078,7
C17079,4
C17080,1
C17081,8
C17082,0
C17083,3
C17084,0
C17085,4
C17086,5
C17087,7
C17088,3
C17089,8
C17090,1
C17091,2
C17092,8
C17093,4
C17094,7
C17095,2
C17096,2
C17097,1
C17098,7
C17099,7
C17100,2
C17101,6
C17102,2
C17103,1
C17104,1
C17105,5
C17106,1
C17107,4
C17108,3
C17109,3
C17110,6
C17111,4
C17112,3
C17113,2
C17114,6
C17115,1
C17116,1
C17117,2
C17118,2
C17119,4
C17120,3
C17121,7
C17122,2
C17123,1
C17124,2
C17125,4
C17126,0
C17127,4
C17128,1
C17129,4
C17130,1
C17131,1
C17132,7
C17133,5
C17134,1
C17135,1
C17136,3
C17137,4
C17138,1
C17139,6
C17140,1
C17141,4
C17142,3
C17143,2
C17144,1
C17145,7
C17146,0
C17147,1
C17148,7
C17149,6
C17150,4
C17151,3
C17152,1
C17153,7
C17154,0
C17156,1
C17157,4
C17158,8
C17159,8
C17160,2
C17161,3
C17162,2
C17163,2
C17164,3
C17165,6
C17166,1
C17167,4
C17168,0
C17169,3
C17170,6
C17172,4
C17173,4
C17174,2
C17175,4
C17176,3
C17177,0
C17178,4
C17179,2
C17180,3
C17181,0
C17182,3
C17183,5
C17184,7
C17185,2
C17186,7
C17187,3
C17188,8
C17189,2
C17190,4
C17191,5
C17192,3
C17193,3
C17194,1
C17195,2
C17196,6
C17197,3
C17198,2
C17199,0
C17200,4
C17201,7
C17202,7
C17203,1
C17204,5
C17205,6
C17206,1
C17207,6
C17208,3
C17209,2
C17210,6
C17211,0
C17212,1
C17213,4
C17214,6
C17215,1
C17216,4
C17217,1
C17218,7
C17219,2
C17220,5
C17221,0
C17222,2
C17223,2
C17224,1
C17225,1
C17226,2
C17227,3
C17228,4
C17229,4
C17230,4
C17231,7
C17232,7
C17233,8
C17234,8
C17235,6
C17236,6
C17237,5
C17239,3
C17240,4
C17241,6
C17242,0
C17243,4
C17244,4
C17245,7
C17246,1
C17247,6
C17248,1
C17249,1
C17250,4
C17251,6
C17252,0
C17253,3
C17254,2
C17255,7
C17256,8
C17257,1
C17258,8
C17259,4
C17260,1
C17261,2
C17262,1
C17263,4
C17264,6
C17265,7
C17266,6
C17267,8
C17268,1
C17269,7
C17270,5
C17271,4
C17272,8
C17273,5
C17274,2
C17275,3
C17276,4
C17277,2
C17278,0
C17279,3
C17280,3
C17281,3
C17282,1
C17283,2
C17284,0
C17285,3
C17286,5
C17287,8
C17288,4
C17289,3
C17290,5
C17291,2
C17292,6
C17293,4
C17294,8
C17295,5
C17296,3
C17297,1
C17298,5
C17299,3
C17300,1
C17302,1
C17303,6
C17304,0
C17305,1
C17306,2
C17307,4
C17308,2
C17309,6
C17310,2
C17311,5
C17312,1
C17313,4
C17314,4
C17315,5
C17316,3
C17317,5
C17318,4
C17319,4
C17320,5
C17321,4
C17322,1
C17323,3
C17324,1
C17325,7
C17326,7
C17327,5
C17328,3
C17329,6
C17330,4
C17331,2
C17332,3
C17334,3
C17335,4
C17336,3
C17337,0
C17338,1
C17339,4
C17340,3
C17341,3
C17342,4
C17343,2
C17344,5
C17345,4
C17346,5
C17347,3
C17348,2
C17349,2
C17350,7
C17351,7
C17352,8
C17353,4
C17354,1
C17355,8
C17356,0
C17357,6
C17358,3
C17359,1
C17360,3
C17361,8
C17362,6
C17363,1
C17364,1
C17365,6
C17366,6
C17367,1
C17368,6
C17369,5
C17370,4
C17371,6
C17372,0
C17373,2
C17374,2
C17376,1
C17377,0
C17378,2
C17379,4
C17380,3
C17381,2
C17382,5
C17383,0
C17384,1
C17385,0
C17386,3
C17387,1
C17388,7
C17389,2
C17390,0
C17391,2
C17392,8
C17393,7
C17394,0
C17395,7
C17396,4
C17397,7
C17398,1
C17399,7
C17400,6
C17401,4
C17402,3
C17403,2
C17404,6
C17405,8
C17406,1
C17407,0
C17408,1
C17409,6
C17410,1
C17411,0
C17412,1
C17413,1
C17414,7
C17415,4
C17416,6
C17417,0
C17418,4
C17419,2
C17420,7
C17421,2
C17422,1
C17423,1
C17424,2
C17425,0
C17426,7
C17427,5
C17428,1
C17429,0
C17430,6
C17431,8
C17432,4
C17433,8
C17434,8
C17435,1
C17436,2
C17437,4
C17438,1
C17439,2
C17440,0
C17441,2
C17442,1
C17443,4
C17444,6
C17445,8
C17446,6
C17448,5
C17449,3
C17450,0
C17451,1
C17452,1
C17453,3
C17454,1
C17455,2
C17456,4
C17457,3
C17458,4
C17459,5
C17460,2
C17461,5
C17462,6
C17463,6
C17464,4
C17465,4
C17466,5
C17467,0
C17468,1
C17469,0
C17470,1
C17471,3
C17472,7
C17473,5
C17474,6
C17476,0
C17477,1
C17478,2
C17479,2
C17480,1
C17481,4
C17482,3
C17483,5
C17484,2
C17485,1
C17486,4
C17487,8
C17488,7
C17489,1
C17490,1
C17491,4
C17492,3
C17493,1
C17494,1
C17495,2
C17496,3
C17497,3
C17498,2
C17499,8
C17500,0
C17501,6
C17502,3
C17503,4
C17504,6
C17505,5
C17506,2
C17507,4
C17508,5
C17509,6
C17510,6
C17511,8
C17512,6
C17513,4
C17514,4
C17515,3
C17516,0
C17517,2
C17518,4
C17519,4
C17521,1
C17522,1
C17523,2
C17524,1
C17525,8
C17526,4
C17527,1
C17528,0
C17529,6
C17530,3
C17531,8
C17532,6
C17533,7
C17534,5
C17535,5
C17536,8
C17538,1
C17539,4
C17540,4
C17541,5
C17542,1
C17543,8
C17544,2
C17545,2
C17546,4
C17547,2
C17548,2
C17549,5
C17550,6
C17551,0
C17553,2
C17554,4
C17555,2
C17556,2
C17557,2
C17558,6
C17559,7
C17560,6
C17561,5
C17562,4
C17563,1
C17565,3
C17566,5
C17567,4
C17568,7
C17569,2
C17570,2
C17571,5
C17572,4
C17573,5
C17574,5
C17575,3
C17576,7
C17577,2
C17578,2
C17579,6
C17580,2
C17581,3
C17582,3
C17583,5
C17584,3
C17585,7
C17586,4
C17587,1
C17588,4
C17589,4
C17590,1
C17591,2
C17593,3
C17594,2
C17595,1
C17596,8
C17597,3
C17598,7
C17599,1
C17600,1
C17601,4
C17602,3
C17603,2
C17604,1
C17605,1
C17606,4
C17607,1
C17608,6
C17609,8
C17610,4
C17611,4
C17612,1
C17613,6
C17614,7
C17615,8
C17616,3
C17617,3
C17618,2
C17619,5
C17620,3
C17621,2
C17622,7
C17623,6
C17624,6
C17625,3
C17626,1
C17628,1
C17629,1
C17630,0
C17631,7
C17632,5
C17633,8
C17634,4
C17635,0
C17636,0
C17637,6
C17638,3
C17639,4
C17640,8
C17641,4
C17642,3
C17643,3
C17644,1
C17645,2
C17646,0
C17647,5
C17648,1
C17649,5
C17650,2
C17651,2
C17652,3
C17653,8
C17654,1
C17655,3
C17656,3
C17657,1
C17658,4
C17659,4
C17660,1
C17661,0
C17662,3
C17663,1
C17664,8
C17665,4
C17666,6
C17667,1
C17668,1
C17669,2
C17670,8
C17671,1
C17672,1
C17673,4
C17674,6
C17675,6
C17676,6
C17677,8
C17678,6
C17679,8
C17680,2
C17681,8
C17682,4
C17683,2
C17684,6
C17685,3
C17686,0
C17687,5
C17688,4
C17689,6
C17690,7
C17691,8
C17692,6
C17693,5
C17694,0
C17695,2
C17696,3
C17697,4
C17698,1
C17699,1
C17700,6
C17701,5
C17702,6
C17703,1
C17704,4
C17705,6
C17706,0
C17707,2
C17708,4
C17709,2
C17710,4
C17711,6
C17712,3
C17713,2
C17714,2
C17715,2
C17716,5
C17717,5
C17718,3
C17719,5
C17720,2
C17721,3
C17722,1
C17723,3
C17724,5
C17726,2
C17727,6
C17728,3
C17729,1
C17730,5
C17731,5
C17732,1
C17733,4
C17734,2
C17735,1
C17736,4
C17737,6
C17738,8
C17739,6
C17740,6
C17741,3
C17742,7
C17743,1
C17744,3
C17745,8
C17746,1
C17747,1
C17748,2
C17749,6
C17750,1
C17751,4
C17752,8
C17753,2
C17754,7
C17755,0
C17756,3
C17757,5
C17758,4
C17759,7
C17760,4
C17761,3
C17762,6
C17763,3
C17764,8
C17765,0
C17767,8
C17768,2
C17769,4
C17770,0
C17771,6
C17772,0
C17773,2
C17774,5
C17776,2
C17777,2
C17778,1
C17779,3
C17780,3
C17781,4
C17782,6
C17783,4
C17784,7
C17785,2
C17786,5
C17787,6
C17788,8
C17789,7
C17790,7
C17791,1
C17792,5
C17793,5
C17794,3
C17795,0
C17796,4
C17797,8
C17798,8
C17799,1
C17800,4
C17801,4
C17802,0
C17803,2
C17804,6
C17805,8
C17806,8
C17807,7
C17808,4
C17809,1
C17810,4
C17811,3
C17812,2
C17813,4
C17814,1
C17815,5
C17816,2
C17817,0
C17818,1
C17819,4
C17820,6
C17821,0
C17822,2
C17823,1
C17824,8
C17825,4
C17826,0
C17827,8
C17828,1
C17829,1
C17830,1
C17831,4
C17832,1
C17833,2
C17834,4
C17835,5
C17836,4
C17837,7
C17838,4
C17839,1
C17840,7
C17841,1
C17842,4
C17843,1
C17844,4
C17845,3
C17846,6
C17847,3
C17848,1
C17849,3
C17850,4
C17851,7
C17852,2
C17853,4
C17854,1
C17855,7
C17856,8
C17857,2
C17858,3
C17859,4
C17860,0
C17861,5
C17862,1
C17863,0
C17864,3
C17865,5
C17866,4
C17867,6
C17868,4
C17869,3
C17870,3
C17871,2
C17872,2
C17873,8
C17874,7
C17875,3
C17876,6
C17877,6
C17878,0
C17879,3
C17880,1
C17881,1
C17882,0
C17883,1
C17884,4
C17885,6
C17886,5
C17887,8
C17888,1
C17889,1
C17890,7
C17891,7
C17892,1
C17893,4
C17894,0
C17895,4
C17896,2
C17897,4
C17898,5
C17899,0
C17900,6
C17901,1
C17902,8
C17903,4
C17904,6
C17905,1
C17906,6
C17907,3
C17908,3
C17909,6
C17910,2
C17911,8
C17912,5
C17913,2
C17914,3
C17915,1
C17916,7
C17917,6
C17919,1
C17920,4
C17921,1
C17922,4
C17923,3
C17924,1
C17925,2
C17926,1
C17927,5
C17928,5
C17929,4
C17930,8
C17931,1
C17933,2
C17934,8
C17935,4
C17937,8
C17938,6
C17939,5
C17940,1
C17941,0
C17942,4
C17943,8
C17944,4
C17945,2
C17946,1
C17947,3
C17948,5
C17950,3
C17951,1
C17952,5
C17953,1
C17954,2
C17955,3
C17956,7
C17957,3
C17958,1
C17959,3
C17960,1
C17962,0
C17963,6
C17964,8
C17965,3
C17966,1
C17967,1
C17968,3
C17969,4
C17970,5
C17971,2
C17972,5
C17973,4
C17974,1
C17975,7
C17976,6
C17977,2
C17978,1
C17979,5
C17980,3
C17981,4
C17982,0
C17983,8
C17984,1
C17985,8
C17986,1
C17988,1
C17989,3
C17990,2
C17991,1
C17992,4
C17993,3
C17994,1
C17995,1
C17996,4
C17997,7
C17998,5
C17999,2
C18000,3
C18001,6
C18002,3
C18003,1
C18004,2
C18005,4
C18006,5
C18007,0
C18008,4
C18009,4
C18010,1
C18011,3
C18012,2
C18013,4
C18014,6
C18015,6
C18016,4
C18017,1
C18018,4
C18019,0
C18020,7
C18021,5
C18022,3
C18023,0
C18024,7
C18025,5
C18026,7
C18027,6
C18028,5
C18029,2
C18031,5
C18032,5
C18033,5
C18034,1
C18035,5
C18036,3
C18037,6
C18038,4
C18039,1
C18040,2
C18041,1
C18042,4
C18043,8
C18044,2
C18045,4
C18046,6
C18047,4
C18048,1
C18049,1
C18050,2
C18051,0
C18052,7
C18053,0
C18054,0
C18055,1
C18056,5
C18057,4
C18058,2
C18059,3
C18060,5
C18061,1
C18062,1
C18063,4
C18064,1
C18065,0
C18066,4
C18067,6
C18068,4
C18069,1
C18070,8
C18071,1
C18072,8
C18073,1
C18074,7
C18075,1
C18076,7
C18077,4
C18078,3
C18079,3
C18080,1
C18081,4
C18082,1
C18083,7
C18084,2
C18085,1
C18086,2
C18088,1
C18089,1
C18090,2
C18091,0
C18092,3
C18093,2
C18094,2
C18095,6
C18096,6
C18097,1
C18098,2
C18099,2
C18100,4
C18101,3
C18102,6
C18103,5
C18104,2
C18105,1
C18106,4
C18107,2
C18108,7
C18109,2
C18110,5
C18111,1
C18112,2
C18113,5
C18114,5
C18115,8
C18116,6
C18117,6
C18118,7
C18119,2
C18120,8
C18121,2
C18122,3
C18123,1
C18124,4
C18125,5
C18126,4
C18127,8
C18128,2
C18129,4
C18130,4
C18131,2
C18132,1
C18134,3
C18135,2
C18136,5
C18137,2
C18138,5
C18139,7
C18140,3
C18141,2
C18142,3
C18143,6
C18144,4
C18145,5
C18146,1
C18147,2
C18148,2
C18149,3
C18150,4
C18151,8
C18152,2
C18153,3
C18154,3
C18155,2
C18156,5
C18157,2
C18158,2
C18159,3
C18160,1
C18161,3
C18162,3
C18163,2
C18164,4
C18165,4
C18166,8
C18167,3
C18168,2
C18169,4
C18170,2
C18171,1
C18172,7
C18173,1
C18174,3
C18175,7
C18176,2
C18177,0
C18179,7
C18180,8
C18181,4
C18182,1
C18183,3
C18184,4
C18185,4
C18186,2
C18187,3
C18188,4
C18189,4
C18190,3
C18191,5
C18192,2
C18193,4
C18194,4
C18195,1
C18196,2
C18197,4
C18198,1
C18199,4
C18200,2
C18201,8
C18202,4
C18203,0
C18204,4
C18205,2
C18206,3
C18207,8
C18208,4
C18209,4
C18210,6
C18211,8
C18212,4
C18214,1
C18215,0
C18216,7
C18217,3
C18218,4
C18219,1
C18220,4
C18221,4
C18222,5
C18223,2
C18224,1
C18225,2
C18226,6
C18227,4
C18228,6
C18229,1
C18230,3
C18231,3
C18232,2
C18233,5
C18234,4
C18235,6
C18236,8
C18237,3
C18238,6
C18239,4
C18240,2
C18241,2
C18242,6
C18243,5
C18244,2
C18245,0
C18246,1
C18247,6
C18248,3
C18249,3
C18250,4
C18251,1
C18252,4
C18253,1
C18254,0
C18255,1
C18256,4
C18257,4
C18258,7
C18259,4
C18260,4
C18261,2
C18262,2
C18263,8
C18264,2
C18266,1
C18267,1
C18268,2
C18269,1
C18270,7
C18271,1
C18272,2
C18273,8
C18274,2
C18275,2
C18276,4
C18277,4
C18278,1
C18279,6
C18280,2
C18281,4
C18282,1
C18283,2
C18284,4
C18285,3
C18286,4
C18287,8
C18288,6
C18289,2
C18290,1
C18291,6
C18292,0
C18293,1
C18294,1
C18296,6
C18297,2
C18298,2
C18299,5
C18300,4
C18301,1
C18302,3
C18303,6
C18304,1
C18305,1
C18306,3
C18307,1
C18308,0
C18309,4
C18310,3
C18311,2
C18312,3
C18313,4
C18314,6
C18315,2
C18316,3
C18317,6
C18318,2
C18319,4
C18320,8
C18321,8
C18322,4
C18323,4
C18324,8
C18326,2
C18327,4
C18328,6
C18329,3
C18330,5
C18331,1
C18332,4
C18333,6
C18334,3
C18335,3
C18336,4
C18337,2
C18338,2
C18339,7
C18340,1
C18341,1
C18342,1
C18343,4
C18344,2
C18345,4
C18346,3
C18347,0
C18348,5
C18349,4
C18350,2
C18351,1
C18352,6
C18353,1
C18354,6
C18355,2
C18356,3
C18357,8
C18358,8
C18359,8
C18360,7
C18361,2
C18362,1
C18363,1
C18364,4
C18365,8
C18366,0
C18367,8
C18368,0
C18369,6
C18370,8
C18371,7
C18372,4
C18373,3
C18374,8
C18375,2
C18376,3
C18377,3
C18378,8
C18379,5
C18380,1
C18381,2
C18382,1
C18383,1
C18384,0
C18385,6
C18386,4
C18387,6
C18388,4
C18389,3
C18390,1
C18391,2
C18392,4
C18393,3
C18394,5
C18395,4
C18396,4
C18397,5
C18398,3
C18399,2
C18400,8
C18401,5
C18402,0
C18403,2
C18404,3
C18405,2
C18406,2
C18407,8
C18408,8
C18409,4
C18410,3
C18411,3
C18412,6
C18413,1
C18414,3
C18415,8
C18416,4
C18417,6
C18418,1
C18419,2
C18420,0
C18421,4
C18422,4
C18423,1
C18424,8
C18425,2
C18426,1
C18427,1
C18428,8
C18429,2
C18430,2
C18431,1
C18432,3
C18433,3
C18434,4
C18435,0
C18436,1
C18437,0
C18438,1
C18439,4
C18440,1
C18441,4
C18442,8
C18443,7
C18444,4
C18445,3
C18446,3
C18447,0
C18449,3
C18450,6
C18451,3
C18452,1
C18453,2
C18454,3
C18455,4
C18456,1
C18457,2
C18458,7
C18459,6
C18460,5
C18461,0
C18462,4
C18463,1
C18464,8
C18465,1
C18466,4
C18467,4
C18468,4
C18469,4
C18470,3
C18471,1
C18472,8
C18473,4
C18474,4
C18475,1
C18476,6
C18477,5
C18478,8
C18479,0
C18480,2
C18481,3
C18482,4
C18483,4
C18484,4
C18485,8
C18486,7
C18487,0
C18488,1
C18489,8
C18490,2
C18491,2
C18492,6
C18493,0
C18494,4
C18495,2
C18496,2
C18497,1
C18498,3
C18499,3
C18500,2
C18501,8
C18502,8
C18503,1
C18504,7
C18505,8
C18506,2
C18507,4
C18508,7
C18509,1
C18510,4
C18511,4
C18512,4
C18513,0
C18514,3
C18515,6
C18516,2
C18517,0
C18518,3
C18519,7
C18520,4
C18521,4
C18522,7
C18523,8
C18524,4
C18525,6
C18526,2
C18527,1
C18528,0
C18529,7
C18530,8
C18531,0
C18532,0
C18533,4
C18534,5
C18535,8
C18536,7
C18537,8
C18538,1
C18539,8
C18540,1
C18541,1
C18542,3
C18543,8
C18544,3
C18545,8
C18546,4
C18547,4
C18548,3
C18549,4
C18550,3
C18551,0
C18552,4
C18553,3
C18554,1
C18555,4
C18556,2
C18557,3
C18558,4
C18559,1
C18560,4
C18561,3
C18562,4
C18563,6
C18564,3
C18565,6
C18566,4
C18567,8
C18568,1
C18569,4
C18570,2
C18571,7
C18572,8
C18573,6
C18574,6
C18575,8
C18577,2
C18578,5
C18579,4
C18580,2
C18582,6
C18583,6
C18584,4
C18585,8
C18586,4
C18587,3
C18588,8
C18589,8
C18590,4
C18591,6
C18592,4
C18593,1
C18594,8
C18595,4
C18596,4
C18598,1
C18599,6
C18600,3
C18601,8
C18602,4
C18603,4
C18604,0
C18605,4
C18606,4
C18607,4
C18608,3
C18609,6
C18610,6
C18611,6
C18613,4
C18614,2
C18615,4
C18616,8
C18617,6
C18618,3
C18619,6
C18620,0
C18621,5
C18622,8
C18623,1
C18624,2
C18625,3
C18626,8
C18627,1
C18628,3
C18629,3
C18631,3
C18632,2
C18633,4
C18634,2
C18635,1
C18636,7
C18637,7
C18638,3
C18639,4
C18640,4
C18641,2
C18642,4
C18643,0
C18644,6
C18645,6
C18646,4
C18647,1
C18648,7
C18649,1
C18650,1
C18652,1
C18653,3
C18654,3
C18655,8
C18656,4
C18657,8
C18658,3
C18660,2
C18661,3
C18662,2
C18663,1
C18664,0
C18665,4
C18666,7
C18667,4
C18668,8
C18669,3
C18671,3
C18672,4
C18673,3
C18674,1
C18675,0
C18676,6
C18677,6
C18678,3
C18679,6
C18680,1
C18682,5
C18683,7
C18684,5
C18685,2
C18686,2
C18687,8
C18688,3
C18689,3
C18690,4
C18691,2
C18692,4
C18693,8
C18694,3
C18695,6
C18696,4
C18697,6
C18698,3
C18699,0
C18700,0
C18701,1
C18702,4
C18703,6
C18704,3
C18705,4
C18706,7
C18707,3
C18708,1
C18709,8
C18710,3
C18711,3
C18712,4
C18713,8
C18714,3
C18715,4
C18716,4
C18717,4
C18718,4
C18719,5
C18720,3
C18721,3
C18722,2
C18723,4
C18724,3
C18725,5
C18726,4
C18728,3
C18729,4
C18730,3
C18731,3
C18732,1
C18733,8
C18734,7
C18735,8
C18736,3
C18737,8
C18738,6
C18739,1
C18740,4
C18741,3
C18742,4
C18743,3
C18744,4
C18745,2
C18746,8
C18747,3
C18748,2
C18749,1
C18750,3
C18751,4
C18752,1
C18753,4
C18754,3
C18755,3
C18756,2
C18757,4
C18758,2
C18760,3
C18761,0
C18762,4
C18763,1
C18764,1
C18765,2
C18766,4
C18767,0
C18768,4
C18769,4
C18770,2
C18771,1
C18772,1
C18773,5
C18774,6
C18775,4
C18776,1
C18778,1
C18779,8
C18780,5
C18781,0
C18782,1
C18783,1
C18784,2
C18785,5
C18786,4
C18787,6
C18788,4
C18789,8
C18790,4
C18791,4
C18792,8
C18793,1
C18794,3
C18795,4
C18796,5
C18797,1
C18798,3
C18800,3
C18801,8
C18802,3
C18803,8
C18804,6
C18805,2
C18806,4
C18807,4
C18808,1
C18809,1
C18810,4
C18811,1
C18812,8
C18813,8
C18814,3
C18815,8
C18816,8
C18817,1
C18818,8
C18819,1
C18820,1
C18821,4
C18822,4
C18823,0
C18824,2
C18825,1
C18826,8
C18827,6
C18828,3
C18829,2
C18830,2
C18831,1
C18832,1
C18833,1
C18834,4
C18835,2
C18836,6
C18837,4
C18838,4
C18839,3
C18840,2
C18841,3
C18842,4
C18843,8
C18844,1
C18845,6
C18846,3
C18847,5
C18848,2
C18849,1
C18850,1
C18851,5
C18852,2
C18853,3
C18854,4
C18855,3
C18856,3
C18857,2
C18858,2
C18859,1
C18860,7
C18861,2
C18862,4
C18863,2
C18864,5
C18865,2
C18866,4
C18867,8
C18868,3
C18869,3
C18870,4
C18871,3
C18872,8
C18873,8
C18874,2
C18875,3
C18877,3
C18878,4
C18879,4
C18880,1
C18881,1
C18882,8
C18883,1
C18885,8
C18886,4
C18887,8
C18888,2
C18889,1
C18890,4
C18891,6
C18892,3
C18893,2
C18895,3
C18896,2
C18897,8
C18898,5
C18899,5
C18900,8
C18901,4
C18902,1
C18903,4
C18904,4
C18905,1
C18906,4
C18907,6
C18908,3
C18909,8
C18910,4
C18911,3
C18912,8
C18913,1
C18914,4
C18915,8
C18916,8
C18917,1
C18918,4
C18919,2
C18920,3
C18921,7
C18922,8
C18923,1
C18924,3
C18925,8
C18926,6
C18927,8
C18928,3
C18929,8
C18930,6
C18931,7
C18932,4
C18933,4
C18934,3
C18935,0
C18936,1
C18937,8
C18938,3
C18939,4
C18940,4
C18941,4
C18942,7
C18943,4
C18944,5
C18945,1
C18946,8
C18947,3
C18948,4
C18949,4
C18950,8
C18951,4
C18952,4
C18953,6
C18954,4
C18955,3
C18956,1
C18957,2
C18958,4
C18959,1
C18960,8
C18961,0
C18962,5
C18963,0
C18964,8
C18965,2
C18966,7
C18967,3
C18968,4
C18969,8
C18970,3
C18971,1
C18972,4
C18973,8
C18975,0
C18976,6
C18977,8
C18978,8
C18979,4
C18980,2
C18982,3
C18983,8
C18984,8
C18985,8
C18986,4
C18987,6
C18988,4
C18989,4
C18990,4
C18991,3
C18992,2
C18993,2
C18994,3
C18995,4
C18996,8
C18997,6
C18998,4
C18999,2
C19000,4
C19001,4
C19002,8
C19003,5
C19004,8
C19005,4
C19006,4
C19007,8
C19008,4
C19009,4
C19010,8
C19011,4
C19012,4
C19013,2
C19014,4
C19015,4
C19016,8
C19017,8
C19018,8
C19019,8
C19020,4
C19021,8
C19022,4
C19023,3
C19024,8
C19025,4
C19026,4
C19027,4
C19028,8
C19030,8
C19031,8
C19032,0
C19033,8
C19034,4
C19035,8
C19036,8
C19037,4
C19038,4
C19039,4
C19040,4
C19041,6
C19042,8
C19043,2
C19044,8
C19045,8
C19046,4
C19047,3
C19048,8
C19049,4
C19050,4
C19051,3
C19052,3
C19053,8
C19054,4
C19055,8
C19056,8
C19057,4
C19058,4
C19059,8
C19060,4
C19061,3
C19062,4
C19063,4
C19064,4
C19065,4
C19066,4
C19068,4
C19069,8
C19070,4
C19071,8
C19072,8
C19073,3
C19074,8
C19075,2
C19076,0
C19077,4
C19078,4
C19079,8
C19080,0
C19081,0
C19082,3
C19083,8
C19084,6
C19085,8
C19086,8
C19087,8
C19088,4
C19089,8
C19090,4
C19091,4
C19092,8
C19093,3
C19094,8
C19095,3
C19096,8
C19097,5
C19098,0
C19099,8
C19100,3
C19101,4
C19102,4
C19103,6
C19104,8
C19105,4
C19106,4
C19107,4
C19108,6
C19109,8
C19110,8
C19111,4
C19112,6
C19113,8
C19114,2
C19115,2
C19116,4
C19117,8
C19118,4
C19119,8
C19120,4
C19121,8
C19122,0
C19123,8
C19124,2
C19125,8
C19126,3
C19127,8
C19128,2
C19129,4
C19130,6
C19131,4
C19132,4
C19133,8
C19134,2
C19135,4
C19136,6
C19137,8
C19138,5
C19139,8
C19140,8
C19141,3
C19142,8
C19143,4
C19144,4
C19145,4
C19146,4
C19147,8
C19148,4
C19149,4
C19150,6
C19151,6
C19152,4
C19153,8
C19154,4
C19155,8
C19156,8
C19157,4
C19158,8
C19159,4
C19160,3
C19161,8
C19162,3
C19163,4
C19164,5
C19165,3
C19166,4
C19167,4
C19168,4
C19169,4
C19170,8
C19171,8
C19172,4
C19173,4
C19174,2
C19175,4
C19176,2
C19177,4
C19178,8
C19179,8
C19180,8
C19181,4
C19182,8
C19183,4
C19184,3
C19185,6
C19186,4
C19187,2
C19188,4
C19189,8
C19190,6
